{
  "dateSaved": "Tue Jan 31 14:24:13 PST 2017",
  "navier6": {},
  "navier5": {},
  "navier4": {},
  "navier3": {},
  "navier7": {},
  "proj2": {
    "camview": [
      -0.037492670118808746,
      -0.9992265701293945,
      -0.011854215525090694,
      0.005002869293093681,
      0.9960542917251587,
      -0.0364135205745697,
      -0.08093146234750748,
      6.028111934661865,
      0.08043721318244934,
      -0.014841779135167599,
      0.9966491460800171,
      2.2272140979766846,
      0,
      0,
      0,
      1
    ],
    "pos": [
      -6.183290481567383,
      0.257559597492218,
      1.731827735900879
    ],
    "s2w": [
      -3.863802703563124E-5,
      -0.005652561783790588,
      0,
      -0.18262168765068054,
      -0.004483666270971298,
      1.6291518113575876E-4,
      0,
      4.356433391571045,
      0,
      0,
      1,
      0,
      -3.020821895916015E-5,
      2.0623825548682362E-4,
      0,
      1
    ],
    "w2s": [
      29.015132904052734,
      -221.4906768798828,
      0,
      970.2081298828125,
      -171.67578125,
      1.7417689561843872,
      0,
      -38.93962097167969,
      0,
      0,
      0,
      0.5,
      0.03628261014819145,
      -0.007050058338791132,
      0,
      1
    ],
    "projection": [
      0.5062500238418579,
      0,
      0,
      0,
      0,
      -0.8999999761581421,
      1.364464282989502,
      0,
      0,
      0,
      -1.040816307067871,
      -2.040816307067871,
      0,
      0,
      -1,
      0
    ]
  },
  "video": {
    "miny": -2.8977279663085938,
    "minx": -5.934065818786621,
    "maxy": 3.0681819915771484,
    "maxx": -0.8241767883300781
  },
  "proj1": {
    "camview": [
      -0.009825630113482475,
      0.9998906254768372,
      -0.011053944006562233,
      -0.059902265667915344,
      -0.9969571232795715,
      -0.01065049134194851,
      -0.0772208496928215,
      -0.23851872980594635,
      -0.07733013480901718,
      0.010261564515531063,
      0.9969527125358582,
      1.7853232622146606,
      0,
      0,
      0,
      1
    ],
    "pos": [
      -0.10032224655151367,
      0.039035163819789886,
      1.7989636659622192
    ],
    "s2w": [
      -6.364184810081497E-5,
      0.004508567973971367,
      0,
      -5.987856864929199,
      0.00450789975002408,
      3.547752203303389E-5,
      0,
      -4.320413112640381,
      0,
      0,
      1,
      0,
      -2.787636549328454E-5,
      1.9473927386570722E-4,
      0,
      1
    ],
    "w2s": [
      -43.13751220703125,
      279.17535400390625,
      0,
      947.8517456054688,
      215.85011291503906,
      11.342941284179688,
      0,
      1341.48583984375,
      0,
      0,
      0,
      0.5,
      -0.04323701187968254,
      0.005573478061705828,
      0,
      1
    ],
    "projection": [
      0.5062500238418579,
      0,
      0,
      0,
      0,
      -0.8999999761581421,
      1.364464282989502,
      0,
      0,
      0,
      -1.040816307067871,
      -2.040816307067871,
      0,
      0,
      -1,
      0
    ]
  },
  "navier2": {},
  "navier1": {},
  "navier0": {}
}