{
  "dateSaved": "Thu Jan 26 17:52:14 PST 2017",
  "proj2": {
    "camview": [
      0.02307341806590557,
      -0.9997236132621765,
      -0.004501680843532085,
      -0.09292463958263397,
      0.9969049096107483,
      0.023346398025751114,
      -0.07507020980119705,
      6.0357794761657715,
      0.07515456527471542,
      -0.002755621215328574,
      0.9971680641174316,
      2.237335443496704,
      0,
      0,
      0,
      1
    ],
    "pos": [
      -6.18310022354126,
      -0.22764742374420166,
      1.7783104181289673
    ],
    "s2w": [
      1.3647053856402636E-4,
      -0.005678287707269192,
      0,
      -0.3268316984176636,
      -0.004508706275373697,
      -1.894601882668212E-4,
      0,
      4.254489421844482,
      0,
      0,
      1,
      0,
      -1.1451871614553966E-5,
      1.9097235053777695E-4,
      0,
      1
    ],
    "w2s": [
      39.09654235839844,
      -219.13385009765625,
      0,
      945.0806274414062,
      -174.03060913085938,
      -5.179095268249512,
      0,
      -34.84431457519531,
      0,
      0,
      0,
      0.5,
      0.03368276357650757,
      -0.001520428922958672,
      0,
      1
    ],
    "projection": [
      0.5062500238418579,
      0,
      0,
      0,
      0,
      -0.8999999761581421,
      1.364464282989502,
      0,
      0,
      0,
      -1.040816307067871,
      -2.040816307067871,
      0,
      0,
      -1,
      0
    ]
  },
  "video": {
    "miny": -3.153409004211426,
    "minx": -5.934065818786621,
    "maxy": 2.9829540252685547,
    "maxx": -0.41208744049072266
  },
  "proj1": {
    "camview": [
      -0.0023357493337243795,
      0.9998522996902466,
      -0.01702885888516903,
      -0.0716167539358139,
      -0.9968135356903076,
      -0.0036857363302260637,
      -0.07968150824308395,
      -0.23744407296180725,
      -0.0797325000166893,
      0.016788482666015625,
      0.9966748952865601,
      1.7873173952102661,
      0,
      0,
      0,
      1
    ],
    "pos": [
      -0.09434747695922852,
      0.04072467237710953,
      1.8015137910842896
    ],
    "s2w": [
      -1.6029385733418167E-5,
      0.004485088866204023,
      0,
      -5.999756813049316,
      0.0044947536662220955,
      1.657808206800837E-5,
      0,
      -4.257919788360596,
      0,
      0,
      1,
      0,
      -4.2679479520302266E-5,
      1.9970616267528385E-4,
      0,
      1
    ],
    "w2s": [
      -43.00231170654297,
      281.9136962890625,
      0,
      942.3624877929688,
      213.94375610351562,
      13.497063636779785,
      0,
      1341.079833984375,
      0,
      0,
      0,
      0.5,
      -0.04456120356917381,
      0.009336482733488083,
      0,
      1
    ],
    "projection": [
      0.5062500238418579,
      0,
      0,
      0,
      0,
      -0.8999999761581421,
      1.364464282989502,
      0,
      0,
      0,
      -1.040816307067871,
      -2.040816307067871,
      0,
      0,
      -1,
      0
    ]
  }
}