{
  "dateSaved": "Thu Sep 01 22:59:16 PDT 2016",
  "proj2": {
    "camview": [
      -0.9842013120651245,
      0.17432698607444763,
      -0.030949503183364868,
      1.3726969957351685,
      -0.1679852157831192,
      -0.9746424555778503,
      -0.14782793819904327,
      9.502923965454102,
      -0.0559350959956646,
      -0.14029338955879211,
      0.9885287284851074,
      3.2404775619506836,
      0,
      0,
      0,
      1
    ],
    "pos": [
      3.128617286682129,
      9.477272033691406,
      0
    ],
    "s2w": [
      -0.008394675329327583,
      0.0016103411326184869,
      0,
      10.070472717285156,
      -2.5422507314942777E-4,
      0.008635962381958961,
      0,
      2.005805730819702,
      0,
      0,
      1,
      0,
      -9.630085696699098E-5,
      4.599659296218306E-4,
      0,
      1
    ],
    "w2s": [
      -107.00113677978516,
      -41.918033599853516,
      0,
      1161.6314697265625,
      -0.8470945358276367,
      102.9992904663086,
      0,
      -198.06593322753906,
      0,
      0,
      0,
      0.5,
      -0.009914666414260864,
      -0.0514129102230072,
      0,
      1
    ],
    "projection": [
      0.5062500238418579,
      0,
      0,
      0,
      0,
      -0.8999999761581421,
      1.364464282989502,
      0,
      0,
      0,
      -1.040816307067871,
      -2.040816307067871,
      0,
      0,
      -1,
      0
    ]
  },
  "video": {
    "miny": 1.1875,
    "minx": -1.2774724960327148,
    "maxy": 7.428977012634277,
    "maxx": 6.016483783721924
  },
  "proj1": {
    "camview": [
      0.9974846839904785,
      -0.06918012350797653,
      -0.015441038645803928,
      -1.836956262588501,
      0.0656597763299942,
      0.983868420124054,
      -0.16640836000442505,
      -0.31213483214378357,
      0.026704102754592896,
      0.16497594118118286,
      0.9859360456466675,
      1.430614948272705,
      0,
      0,
      0,
      1
    ],
    "pos": [
      1.8146270513534546,
      -0.0559983029961586,
      1.490801215171814
    ],
    "s2w": [
      0.0051529305055737495,
      6.834842497482896E-4,
      0,
      -2.7017288208007812,
      -2.8222822584211826E-4,
      -0.0051552592776715755,
      0,
      7.268829822540283,
      0,
      0,
      1,
      0,
      -5.484997745952569E-5,
      5.911142216064036E-4,
      0,
      1
    ],
    "w2s": [
      358.4120178222656,
      86.47552490234375,
      0,
      339.7562561035156,
      4.41634464263916,
      -189.77627563476562,
      0,
      1391.3831787109375,
      0,
      0,
      0,
      0.5,
      0.01704832725226879,
      0.11692263931035995,
      0,
      1
    ],
    "projection": [
      0.5062500238418579,
      0,
      0,
      0,
      0,
      -0.8999999761581421,
      1.364464282989502,
      0,
      0,
      0,
      -1.040816307067871,
      -2.040816307067871,
      0,
      0,
      -1,
      0
    ]
  }
}