{
  "main": {"test": 1},
  "proj2": {
    "pos.x": 0,
    "pos.y": -0.5,
    "aim.x": 0,
    "rotation": 0,
    "aim.y": 2.5,
    "pos.z": 1.5
  },
  "proj1": {
    "pos.x": -2.953794240951538,
    "pos.y": 3.6541588306427,
    "aim.x": 0,
    "rotation": 0,
    "aim.y": 2.5,
    "s2w": {
      "m20": 0,
      "m31": 4.536054329946637E-4,
      "m30": -7.640694093424827E-5,
      "m00": -5.490941111929715E-4,
      "m11": 0.0025020309258252382,
      "m22": 1,
      "m33": 1,
      "m10": -0.003918568138033152,
      "m21": 0,
      "m32": 0,
      "m02": 0,
      "m13": 5.883300304412842,
      "m01": -0.005163939669728279,
      "m12": 0,
      "m23": 0,
      "m03": 2.5890607833862305
    },
    "w2s": {
      "m20": 0,
      "m31": -0.029785271733999252,
      "m30": 0.07340940833091736,
      "m00": 7.712774276733398,
      "m11": 16.255739212036133,
      "m22": 0,
      "m33": 1,
      "m10": -160.53622436523438,
      "m21": 0,
      "m32": 0,
      "m02": 0,
      "m13": 320.0006408691406,
      "m01": -293.31866455078125,
      "m12": 0,
      "m23": 0.5,
      "m03": 1705.712890625
    },
    "pos.z": 0.9957998394966125
  }
}