{
  "dateSaved": "Tue Aug 02 00:29:10 PDT 2016",
  "main": {"test": 1},
  "proj2": {
    "camview": [
      0.6100224852561951,
      0.7751089930534363,
      -0.16455578804016113,
      -2.5994105339050293,
      -0.7918524146080017,
      0.5887162685394287,
      -0.16242818534374237,
      2.1683337688446045,
      -0.029022885486483574,
      0.2293887436389923,
      0.9729020595550537,
      1.4663410186767578,
      0,
      0,
      0,
      1
    ],
    "pos": [
      3.3452565670013428,
      0.4019310772418976,
      1.5021557807922363
    ],
    "s2w": [
      0.0026997991371899843,
      0.0047804429195821285,
      0,
      -4.453734874725342,
      0.005603989120572805,
      -0.0013791255187243223,
      0,
      -1.962141752243042,
      0,
      0,
      1,
      0,
      -2.5942729553207755E-4,
      4.8116230755113065E-4,
      0,
      1
    ],
    "w2s": [
      14.256811141967773,
      226.9010772705078,
      0,
      508.7081298828125,
      166.97705078125,
      -50.61394500732422,
      0,
      644.3597412109375,
      0,
      0,
      0,
      0.5,
      -0.07664445787668228,
      0.08321785181760788,
      0,
      1
    ],
    "projection": [
      0.5062500238418579,
      0,
      0,
      0,
      0,
      -0.8999999761581421,
      1.364464282989502,
      0,
      0,
      0,
      -1.040816307067871,
      -2.040816307067871,
      0,
      0,
      -1,
      0
    ]
  },
  "proj1": {
    "camview": [
      -0.2981840968132019,
      -0.953639566898346,
      -0.04071604833006859,
      2.6999833583831787,
      0.9475468397140503,
      -0.29059746861457825,
      -0.13307160139083862,
      3.5952749252319336,
      0.11507036536931992,
      -0.07826019823551178,
      0.9902697205543518,
      2.0342369079589844,
      0,
      0,
      0,
      1
    ],
    "pos": [
      -2.835679769515991,
      3.7787885665893555,
      1.4260815382003784
    ],
    "s2w": [
      -9.670162107795477E-4,
      -0.005008362233638763,
      0,
      3.5906193256378174,
      -0.004306433256715536,
      0.0024983452167361975,
      0,
      5.8797760009765625,
      0,
      0,
      1,
      0,
      -1.0364967602072284E-4,
      3.6198526504449546E-4,
      0,
      1
    ],
    "w2s": [
      -15.42491626739502,
      -263.0121154785156,
      0,
      1601.8372802734375,
      -154.14352416992188,
      24.801816940307617,
      0,
      407.6416015625,
      0,
      0,
      0,
      0.5,
      0.054198894649744034,
      -0.03623901307582855,
      0,
      1
    ],
    "projection": [
      0.5062500238418579,
      0,
      0,
      0,
      0,
      -0.8999999761581421,
      1.364464282989502,
      0,
      0,
      0,
      -1.040816307067871,
      -2.040816307067871,
      0,
      0,
      -1,
      0
    ]
  },
  "video": {
    "miny": 0.1534104347229004,
    "minx": -4.038463592529297,
    "maxy": 10.67897891998291,
    "maxx": 3.6675801277160645
  }
}