{
  "dateSaved": "Sun Jul 31 22:00:28 PDT 2016",
  "main": {"test": 1},
  "proj2": {
    "camview": [
      0.6100224852561951,
      0.7751089930534363,
      -0.16455578804016113,
      -2.5994105339050293,
      -0.7918524146080017,
      0.5887162685394287,
      -0.16242818534374237,
      2.1683337688446045,
      -0.029022885486483574,
      0.2293887436389923,
      0.9729020595550537,
      1.4663410186767578,
      0,
      0,
      0,
      1
    ],
    "pos": [
      3.3452565670013428,
      0.4019310772418976,
      0
    ],
    "s2w": [
      0.002702463651075959,
      0.004782161209732294,
      0,
      -4.457324504852295,
      0.005609999876469374,
      -0.0013804433401674032,
      0,
      -1.965240716934204,
      0,
      0,
      1,
      0,
      -2.5873963022604585E-4,
      4.809934471268207E-4,
      0,
      1
    ],
    "w2s": [
      14.240724563598633,
      226.65052795410156,
      0,
      508.89837646484375,
      166.94244384765625,
      -50.6954231262207,
      0,
      644.4879150390625,
      0,
      0,
      0,
      0.5,
      -0.07661357522010803,
      0.08302763849496841,
      0,
      1
    ],
    "projection": [
      0.5062500238418579,
      0,
      0,
      0,
      0,
      -0.8999999761581421,
      1.364464282989502,
      0,
      0,
      0,
      -1.040816307067871,
      -2.040816307067871,
      0,
      0,
      -1,
      0
    ]
  },
  "proj1": {
    "camview": [
      -0.2981840968132019,
      -0.953639566898346,
      -0.04071604833006859,
      2.6999833583831787,
      0.9475468397140503,
      -0.29059746861457825,
      -0.13307160139083862,
      3.5952749252319336,
      0.11507036536931992,
      -0.07826019823551178,
      0.9902697205543518,
      2.0342369079589844,
      0,
      0,
      0,
      1
    ],
    "pos": [
      -2.835679769515991,
      3.7787885665893555,
      0
    ],
    "s2w": [
      -9.668234852142632E-4,
      -0.005007954314351082,
      0,
      3.5903985500335693,
      -0.00430622324347496,
      0.0024977463763207197,
      0,
      5.879049777984619,
      0,
      0,
      1,
      0,
      -1.0381296306150034E-4,
      3.617967013269663E-4,
      0,
      1
    ],
    "w2s": [
      -15.459616661071777,
      -263.0059814453125,
      0,
      1601.7314453125,
      -154.12274169921875,
      24.7742862701416,
      0,
      407.7127990722656,
      0,
      0,
      0,
      0.5,
      0.054156187921762466,
      -0.03626668453216553,
      0,
      1
    ],
    "projection": [
      0.5062500238418579,
      0,
      0,
      0,
      0,
      -0.8999999761581421,
      1.364464282989502,
      0,
      0,
      0,
      -1.040816307067871,
      -2.040816307067871,
      0,
      0,
      -1,
      0
    ]
  },
  "video": {
    "miny": 0.1534104347229004,
    "minx": -4.038463592529297,
    "maxy": 10.67897891998291,
    "maxx": 3.6675801277160645
  }
}