{
  "dateSaved": "Sat Aug 13 21:55:42 PDT 2016",
  "main": {"test": 1},
  "proj2": {
    "camview": [
      0.06421449780464172,
      0.9970391988754272,
      -0.042300451546907425,
      -3.457702875137329,
      -0.9903923869132996,
      0.05846971273422241,
      -0.12531660497188568,
      3.927354574203491,
      -0.12247227132320404,
      0.04994118586182594,
      0.9912146329879761,
      2.1533708572387695,
      0,
      0,
      0,
      1
    ],
    "pos": [
      4.37538480758667,
      3.1102921962738037,
      1.7885522842407227
    ],
    "s2w": [
      -4.988448927178979E-4,
      0.0046567548997700214,
      0,
      -1.176789402961731,
      0.005727692507207394,
      0.0012885754695162177,
      0,
      -2.8699142932891846,
      0,
      0,
      1,
      0,
      -1.9915115262847394E-4,
      3.5879682400263846E-4,
      0,
      1
    ],
    "w2s": [
      -84.87167358398438,
      185.93942260742188,
      0,
      433.7541198730469,
      188.76429748535156,
      26.842283248901367,
      0,
      299.1708679199219,
      0,
      0,
      0,
      0.5,
      -0.0846303254365921,
      0.027399122714996338,
      0,
      1
    ],
    "projection": [
      0.5062500238418579,
      0,
      0,
      0,
      0,
      -0.8999999761581421,
      1.364464282989502,
      0,
      0,
      0,
      -1.040816307067871,
      -2.040816307067871,
      0,
      0,
      -1,
      0
    ]
  },
  "proj1": {
    "camview": [
      0.045596521347761154,
      -0.9988740086555481,
      -0.013102246448397636,
      0.6834734678268433,
      0.9923158288002014,
      0.04679955914616585,
      -0.1145387515425682,
      25.813631057739258,
      0.11502295732498169,
      -0.007778997998684645,
      0.9933323860168457,
      13.918429374694824,
      0,
      0,
      0,
      1
    ],
    "pos": [
      -27.247377395629883,
      -0.4170912802219391,
      10.860010147094727
    ],
    "s2w": [
      2.0744279026985168E-4,
      -0.005532094743102789,
      0,
      1.7886103391647339,
      -0.004457010421901941,
      9.379517287015915E-4,
      0,
      8.248568534851074,
      0,
      0,
      1,
      0,
      -1.4277801710704807E-5,
      3.1950336415320635E-4,
      0,
      1
    ],
    "w2s": [
      69.39298248291016,
      -249.51162719726562,
      0,
      1933.9967041015625,
      -177.38668823242188,
      -9.524154663085938,
      0,
      395.8363037109375,
      0,
      0,
      0,
      0.5,
      0.05766642093658447,
      -5.194779369048774E-4,
      0,
      1
    ],
    "projection": [
      0.5062500238418579,
      0,
      0,
      0,
      0,
      -0.8999999761581421,
      1.364464282989502,
      0,
      0,
      0,
      -1.040816307067871,
      -2.040816307067871,
      0,
      0,
      -1,
      0
    ]
  },
  "video": {
    "miny": 0.6306815147399902,
    "minx": -2.637362480163574,
    "maxy": 7.428977012634277,
    "maxx": 2.596153974533081
  }
}