{
  "dateSaved": "Sun Aug 14 11:17:02 PDT 2016",
  "main": {"test": 1},
  "proj2": {
    "camview": [
      0.5116878747940063,
      0.8469826579093933,
      -0.14420799911022186,
      -2.5400593280792236,
      -0.8569265604019165,
      0.49098536372184753,
      -0.15687653422355652,
      1.9301234483718872,
      -0.06206769123673439,
      0.2038474828004837,
      0.9770331382751465,
      1.460415244102478,
      0,
      0,
      0,
      1
    ],
    "pos": [
      3.0443360805511475,
      0.906021773815155,
      1.490379810333252
    ],
    "s2w": [
      0.002476632362231612,
      0.005097394343465567,
      0,
      -4.901200771331787,
      0.0063644894398748875,
      -8.557396358810365E-4,
      0,
      -2.6460041999816895,
      0,
      0,
      1,
      0,
      -1.718782732496038E-4,
      4.8161856830120087E-4,
      0,
      1
    ],
    "w2s": [
      -12.112412452697754,
      215.78541564941406,
      0,
      511.6037902832031,
      170.989990234375,
      -47.28424835205078,
      0,
      712.9419555664062,
      0,
      0,
      0,
      0.5,
      -0.08443381637334824,
      0.05986179783940315,
      0,
      1
    ],
    "projection": [
      0.5062500238418579,
      0,
      0,
      0,
      0,
      -0.8999999761581421,
      1.364464282989502,
      0,
      0,
      0,
      -1.040816307067871,
      -2.040816307067871,
      0,
      0,
      -1,
      0
    ]
  },
  "proj1": {
    "camview": [
      -0.2032458484172821,
      -0.9778147339820862,
      -0.050690095871686935,
      2.720935344696045,
      0.9732739925384521,
      -0.19610723853111267,
      -0.11949778348207474,
      3.8549964427948,
      0.106905996799469,
      -0.07362277805805206,
      0.9915395975112915,
      2.0383708477020264,
      0,
      0,
      0,
      1
    ],
    "pos": [
      -3.416862964630127,
      3.566633939743042,
      1.4225373268127441
    ],
    "s2w": [
      -3.5421515349298716E-4,
      -0.004758002702146769,
      0,
      2.2489960193634033,
      -0.004136217758059502,
      0.0017532623605802655,
      0,
      6.0395355224609375,
      0,
      0,
      1,
      0,
      -1.25647391541861E-4,
      2.954480587504804E-4,
      0,
      1
    ],
    "w2s": [
      1.5322551727294922,
      -267.1011047363281,
      0,
      1609.7205810546875,
      -166.36312866210938,
      3.5285990238189697,
      0,
      352.83892822265625,
      0,
      0,
      0,
      0.5,
      0.04934418573975563,
      -0.03460307791829109,
      0,
      1
    ],
    "projection": [
      0.5062500238418579,
      0,
      0,
      0,
      0,
      -0.8999999761581421,
      1.364464282989502,
      0,
      0,
      0,
      -1.040816307067871,
      -2.040816307067871,
      0,
      0,
      -1,
      0
    ]
  },
  "video": {
    "miny": 0.8295453786849976,
    "minx": -2.8021974563598633,
    "maxy": 6.025568008422852,
    "maxx": 2.2252750396728516
  }
}