{
  "dateSaved": "Sat Aug 06 13:04:22 PDT 2016",
  "main": {"test": 1},
  "proj2": {
    "camview": [
      0.6212573647499084,
      0.7596435546875,
      -0.1923043578863144,
      -2.576664924621582,
      -0.7833267450332642,
      0.6086022257804871,
      -0.1265011429786682,
      2.224107503890991,
      0.020941082388162613,
      0.22922690212726593,
      0.9731477499008179,
      1.3964989185333252,
      0,
      0,
      0,
      1
    ],
    "pos": [
      3.3137307167053223,
      0.28363490104675293,
      1.5731514692306519
    ],
    "s2w": [
      0.002510029124096036,
      0.004226760007441044,
      0,
      -3.815164566040039,
      0.005347687751054764,
      -0.001364419935271144,
      0,
      -1.8376699686050415,
      0,
      0,
      1,
      0,
      -2.1013093646615744E-4,
      3.829782363027334E-4,
      0,
      1
    ],
    "w2s": [
      25.38147735595703,
      218.52841186523438,
      0,
      498.4176025390625,
      190.62210083007812,
      -65.63457489013672,
      0,
      606.6400146484375,
      0,
      0,
      0,
      0.5,
      -0.06767068803310394,
      0.07105619460344315,
      0,
      1
    ],
    "projection": [
      0.5062500238418579,
      0,
      0,
      0,
      0,
      -0.8999999761581421,
      1.364464282989502,
      0,
      0,
      0,
      -1.040816307067871,
      -2.040816307067871,
      0,
      0,
      -1,
      0
    ]
  },
  "proj1": {
    "camview": [
      -0.2981840968132019,
      -0.953639566898346,
      -0.04071604833006859,
      2.6999833583831787,
      0.9475468397140503,
      -0.29059746861457825,
      -0.13307160139083862,
      3.5952749252319336,
      0.11507036536931992,
      -0.07826019823551178,
      0.9902697205543518,
      2.0342369079589844,
      0,
      0,
      0,
      1
    ],
    "pos": [
      -2.835679769515991,
      3.7787885665893555,
      1.4260815382003784
    ],
    "s2w": [
      -9.622591314837337E-4,
      -0.004985619802027941,
      0,
      3.576077699661255,
      -0.004329124931246042,
      0.002522579161450267,
      0,
      5.856014251708984,
      0,
      0,
      1,
      0,
      -1.1948083556490019E-4,
      3.6570345400832593E-4,
      0,
      1
    ],
    "w2s": [
      -15.868497848510742,
      -262.1078186035156,
      0,
      1591.654052734375,
      -151.1591339111328,
      22.281124114990234,
      0,
      410.0782165527344,
      0,
      0,
      0,
      0.5,
      0.05338343605399132,
      -0.03946514427661896,
      0,
      1
    ],
    "projection": [
      0.5062500238418579,
      0,
      0,
      0,
      0,
      -0.8999999761581421,
      1.364464282989502,
      0,
      0,
      0,
      -1.040816307067871,
      -2.040816307067871,
      0,
      0,
      -1,
      0
    ]
  },
  "video": {
    "miny": 0.5909075736999512,
    "minx": -2.1016464233398438,
    "maxy": 6.025567054748535,
    "maxx": 2.7197823524475098
  }
}