{
  "dateSaved": "Mon Jan 30 16:00:42 PST 2017",
  "navier6": {},
  "navier5": {},
  "navier4": {},
  "navier3": {},
  "navier7": {},
  "proj2": {
    "camview": [
      -0.0234433151781559,
      -0.999724805355072,
      -8.447069558314979E-4,
      0.06414897739887238,
      0.9967483282089233,
      -0.023308344185352325,
      -0.07713285088539124,
      6.135512828826904,
      0.07709193229675293,
      -0.0026502099353820086,
      0.9970204830169678,
      2.1877262592315674,
      0,
      0,
      0,
      1
    ],
    "pos": [
      -6.282714366912842,
      0.21293790638446808,
      1.7079041004180908
    ],
    "s2w": [
      -1.0132922761840746E-4,
      -0.005604458041489124,
      0,
      -0.41235652565956116,
      -0.004605290945619345,
      1.6880035400390625E-4,
      0,
      4.513847827911377,
      0,
      0,
      1,
      0,
      -2.1833272967342054E-6,
      1.993720215978101E-4,
      0,
      1
    ],
    "w2s": [
      28.30863380432129,
      -213.8145751953125,
      0,
      976.7996826171875,
      -177.9296417236328,
      3.9582021236419678,
      0,
      -91.23716735839844,
      0,
      0,
      0,
      0.5,
      0.03553599864244461,
      -0.0012559819733723998,
      0,
      1
    ],
    "projection": [
      0.5062500238418579,
      0,
      0,
      0,
      0,
      -0.8999999761581421,
      1.364464282989502,
      0,
      0,
      0,
      -1.040816307067871,
      -2.040816307067871,
      0,
      0,
      -1,
      0
    ]
  },
  "video": {
    "miny": -2.215909004211426,
    "minx": -5.357142448425293,
    "maxy": 3.323863983154297,
    "maxx": -0.8241767883300781
  },
  "proj1": {
    "camview": [
      -0.0023357493337243795,
      0.9998522996902466,
      -0.01702885888516903,
      -0.0716167539358139,
      -0.9968135356903076,
      -0.0036857363302260637,
      -0.07968150824308395,
      -0.23744407296180725,
      -0.0797325000166893,
      0.016788482666015625,
      0.9966748952865601,
      1.7873173952102661,
      0,
      0,
      0,
      1
    ],
    "pos": [
      -0.09434747695922852,
      0.04072467237710953,
      1.8015137910842896
    ],
    "s2w": [
      -1.6029385733418167E-5,
      0.004485088866204023,
      0,
      -5.999756813049316,
      0.0044947536662220955,
      1.657808206800837E-5,
      0,
      -4.257919788360596,
      0,
      0,
      1,
      0,
      -4.2679479520302266E-5,
      1.9970616267528385E-4,
      0,
      1
    ],
    "w2s": [
      -43.00231170654297,
      281.9136962890625,
      0,
      942.3624877929688,
      213.94375610351562,
      13.497063636779785,
      0,
      1341.079833984375,
      0,
      0,
      0,
      0.5,
      -0.04456120356917381,
      0.009336482733488083,
      0,
      1
    ],
    "projection": [
      0.5062500238418579,
      0,
      0,
      0,
      0,
      -0.8999999761581421,
      1.364464282989502,
      0,
      0,
      0,
      -1.040816307067871,
      -2.040816307067871,
      0,
      0,
      -1,
      0
    ]
  },
  "navier2": {},
  "navier1": {},
  "navier0": {}
}