{
  "dateSaved": "Mon May 30 19:31:18 PDT 2016",
  "main": {"test": 1},
  "proj2": {
    "camview": [
      0.9564530253410339,
      0.2912411391735077,
      0.01939692161977291,
      -0.8751512765884399,
      -0.28331610560417175,
      0.9423028826713562,
      -0.1783178299665451,
      -0.2530063986778259,
      -0.070211261510849,
      0.16505715250968933,
      0.9837817549705505,
      1.0573012828826904,
      0,
      0,
      0,
      1
    ],
    "pos": [
      0.8395947217941284,
      0.3187735676765442,
      1.0682939291000366
    ],
    "s2w": [
      0.004374074749648571,
      0.001898410264402628,
      0,
      -5.104782581329346,
      0.0014134814264252782,
      -0.004112804774194956,
      0,
      4.8275370597839355,
      0,
      0,
      1,
      0,
      6.436705734813586E-5,
      7.356829009950161E-4,
      0,
      1
    ],
    "w2s": [
      370.7401123046875,
      273.491455078125,
      0,
      572.257568359375,
      53.34217071533203,
      -227.47718811035156,
      0,
      1370.4547119140625,
      0,
      0,
      0,
      0.5,
      -0.06310637295246124,
      0.14974723756313324,
      0,
      1
    ],
    "projection": [
      0.5062500238418579,
      0,
      0,
      0,
      0,
      -0.8999999761581421,
      1.364464282989502,
      0,
      0,
      0,
      -1.040816307067871,
      -2.040816307067871,
      0,
      0,
      -1,
      0
    ]
  },
  "proj1": {
    "camview": [
      -0.24501819908618927,
      -0.9685280323028564,
      -0.043813031166791916,
      2.7717926502227783,
      0.9541880488395691,
      -0.2328929603099823,
      -0.18784569203853607,
      3.4824464321136475,
      0.17173005640506744,
      -0.08783148229122162,
      0.9812209010124207,
      1.805305004119873,
      0,
      0,
      0,
      1
    ],
    "pos": [
      -2.953794240951538,
      3.6541588306427,
      0.9957998394966125
    ],
    "s2w": [
      -5.490941111929715E-4,
      -0.005163939669728279,
      0,
      2.5890607833862305,
      -0.003918568138033152,
      0.0025020309258252382,
      0,
      5.883300304412842,
      0,
      0,
      1,
      0,
      -7.640694093424827E-5,
      4.536054329946637E-4,
      0,
      1
    ],
    "w2s": [
      7.712774276733398,
      -293.31866455078125,
      0,
      1705.712890625,
      -160.53622436523438,
      16.255739212036133,
      0,
      320.0006408691406,
      0,
      0,
      0,
      0.5,
      0.07340940833091736,
      -0.029785271733999252,
      0,
      1
    ],
    "projection": [
      0.5062500238418579,
      0,
      0,
      0,
      0,
      -0.8999999761581421,
      1.364464282989502,
      0,
      0,
      0,
      -1.040816307067871,
      -2.040816307067871,
      0,
      0,
      -1,
      0
    ]
  }
}