{
  "dateSaved": "Sun Jun 19 23:24:46 PDT 2016",
  "main": {"test": 1},
  "proj2": {
    "camview": [
      0.9570269584655762,
      0.28973695635795593,
      0.012325182557106018,
      -0.9017651677131653,
      -0.28290703892707825,
      0.9421209096908569,
      -0.17992164194583893,
      -0.2544630467891693,
      -0.0637417584657669,
      0.16870298981666565,
      0.9836037158966064,
      1.0415338277816772,
      0,
      0,
      0,
      1
    ],
    "pos": [
      0.8574133515357971,
      0.32529976963996887,
      1.059125542640686
    ],
    "s2w": [
      0.004710931796580553,
      0.0014219831209629774,
      0,
      -4.943721771240234,
      7.174916681833565E-4,
      -0.005038517061620951,
      0,
      5.612664222717285,
      0,
      0,
      1,
      0,
      -8.622192581242416E-6,
      4.0845319745130837E-4,
      0,
      1
    ],
    "w2s": [
      296.1269226074219,
      139.00511169433594,
      0,
      683.7800903320312,
      30.936891555786133,
      -188.56988525390625,
      0,
      1211.3228759765625,
      0,
      0,
      0,
      0.5,
      -0.010083009488880634,
      0.07822050154209137,
      0,
      1
    ],
    "projection": [
      0.5062500238418579,
      0,
      0,
      0,
      0,
      -0.8999999761581421,
      1.364464282989502,
      0,
      0,
      0,
      -1.040816307067871,
      -2.040816307067871,
      0,
      0,
      -1,
      0
    ]
  },
  "proj1": {
    "camview": [
      -0.23743900656700134,
      -0.9706429839134216,
      -0.03840423375368118,
      2.7649993896484375,
      0.956879734992981,
      -0.22689570486545563,
      -0.18138211965560913,
      3.476614475250244,
      0.16734352707862854,
      -0.07981542497873306,
      0.9826624989509583,
      1.7795196771621704,
      0,
      0,
      0,
      1
    ],
    "pos": [
      -2.9679744243621826,
      3.614689350128174,
      1.0118839740753174
    ],
    "s2w": [
      -5.461433320306242E-4,
      -0.005291617475450039,
      0,
      2.576906442642212,
      -0.00410484941676259,
      0.0030267678666859865,
      0,
      5.920677185058594,
      0,
      0,
      1,
      0,
      -1.3280159328132868E-4,
      6.343875429593027E-4,
      0,
      1
    ],
    "w2s": [
      31.198137283325195,
      -296.3238525390625,
      0,
      1674.0430908203125,
      -141.97508239746094,
      8.72435474395752,
      0,
      314.2024230957031,
      0,
      0,
      0,
      0.5,
      0.09421038627624512,
      -0.04488690197467804,
      0,
      1
    ],
    "projection": [
      0.5062500238418579,
      0,
      0,
      0,
      0,
      -0.8999999761581421,
      1.364464282989502,
      0,
      0,
      0,
      -1.040816307067871,
      -2.040816307067871,
      0,
      0,
      -1,
      0
    ]
  }
}