{
  "dateSaved": "Tue Jan 24 21:24:22 PST 2017",
  "proj2": {
    "camview": [
      -0.9995566606521606,
      -0.02968520112335682,
      -0.002285200636833906,
      -0.071219801902771,
      0.029772808775305748,
      -0.996304988861084,
      -0.08056002110242844,
      6.023739814758301,
      1.1468354205135256E-4,
      -0.08059234172105789,
      0.9967471361160278,
      2.2413477897644043,
      0,
      0,
      0,
      1
    ],
    "pos": [
      -0.25078892707824707,
      6.180003643035889,
      1.748947262763977
    ],
    "s2w": [
      -0.004591710865497589,
      -2.1168349485378712E-4,
      0,
      4.346891403198242,
      -1.424054935341701E-4,
      0.0057969181798398495,
      0,
      0.3279517889022827,
      0,
      0,
      1,
      0,
      -5.954758307780139E-6,
      2.099265984725207E-4,
      0,
      1
    ],
    "w2s": [
      -214.95384216308594,
      -42.18760299682617,
      0,
      948.2166137695312,
      -5.270678997039795,
      171.33895874023438,
      0,
      -33.279850006103516,
      0,
      0,
      0,
      0.5,
      -1.7354244482703507E-4,
      -0.036219824105501175,
      0,
      1
    ],
    "projection": [
      0.5062500238418579,
      0,
      0,
      0,
      0,
      -0.8999999761581421,
      1.364464282989502,
      0,
      0,
      0,
      -1.040816307067871,
      -2.040816307067871,
      0,
      0,
      -1,
      0
    ]
  },
  "video": {
    "miny": 0.3522714376449585,
    "minx": -3.379117965698242,
    "maxy": 5.988635540008545,
    "maxx": 3.173079252243042
  },
  "proj1": {
    "camview": [
      0.9998026490211487,
      0.004414432216435671,
      -0.019370686262845993,
      -0.08094644546508789,
      -0.00583802442997694,
      0.9972365498542786,
      -0.07406239956617355,
      -0.23819565773010254,
      0.018990211188793182,
      0.0741608664393425,
      0.9970654845237732,
      1.81328547000885,
      0,
      0,
      0,
      1
    ],
    "pos": [
      0.04510520398616791,
      0.10341990739107132,
      1.8271737098693848
    ],
    "s2w": [
      0.004447753541171551,
      3.588321487768553E-5,
      0,
      -4.221633434295654,
      1.931321094161831E-5,
      -0.004452431108802557,
      0,
      5.942396640777588,
      0,
      0,
      1,
      0,
      -4.7406796511495486E-5,
      1.8125615315511823E-4,
      0,
      1
    ],
    "w2s": [
      279.2125244140625,
      40.45041275024414,
      0,
      938.3605346679688,
      15.200115203857422,
      -214.48281860351562,
      0,
      1338.7113037109375,
      0,
      0,
      0,
      0.5,
      0.0104814562946558,
      0.04079395532608032,
      0,
      1
    ],
    "projection": [
      0.5062500238418579,
      0,
      0,
      0,
      0,
      -0.8999999761581421,
      1.364464282989502,
      0,
      0,
      0,
      -1.040816307067871,
      -2.040816307067871,
      0,
      0,
      -1,
      0
    ]
  }
}