{
  "dateSaved": "Wed Aug 03 21:36:14 PDT 2016",
  "main": {"test": 1},
  "proj2": {
    "camview": [
      0.6212573647499084,
      0.7596435546875,
      -0.1923043578863144,
      -2.576664924621582,
      -0.7833267450332642,
      0.6086022257804871,
      -0.1265011429786682,
      2.224107503890991,
      0.020941082388162613,
      0.22922690212726593,
      0.9731477499008179,
      1.3964989185333252,
      0,
      0,
      0,
      1
    ],
    "pos": [
      3.3137307167053223,
      0.28363490104675293,
      1.5731514692306519
    ],
    "s2w": [
      0.002512706909328699,
      0.004222715273499489,
      0,
      -3.8179709911346436,
      0.005343790166079998,
      -0.001364826806820929,
      0,
      -1.8348537683486938,
      0,
      0,
      1,
      0,
      -2.1033987286500633E-4,
      3.8280620356090367E-4,
      0,
      1
    ],
    "w2s": [
      25.483388900756836,
      218.66978454589844,
      0,
      498.52191162109375,
      190.72520446777344,
      -65.76858520507812,
      0,
      607.507568359375,
      0,
      0,
      0,
      0.5,
      -0.06765061616897583,
      0.0711715966463089,
      0,
      1
    ],
    "projection": [
      0.5062500238418579,
      0,
      0,
      0,
      0,
      -0.8999999761581421,
      1.364464282989502,
      0,
      0,
      0,
      -1.040816307067871,
      -2.040816307067871,
      0,
      0,
      -1,
      0
    ]
  },
  "proj1": {
    "camview": [
      -0.2981840968132019,
      -0.953639566898346,
      -0.04071604833006859,
      2.6999833583831787,
      0.9475468397140503,
      -0.29059746861457825,
      -0.13307160139083862,
      3.5952749252319336,
      0.11507036536931992,
      -0.07826019823551178,
      0.9902697205543518,
      2.0342369079589844,
      0,
      0,
      0,
      1
    ],
    "pos": [
      -2.835679769515991,
      3.7787885665893555,
      1.4260815382003784
    ],
    "s2w": [
      -9.607237298041582E-4,
      -0.0049797408282756805,
      0,
      3.5724215507507324,
      -0.004325653426349163,
      0.002513112500309944,
      0,
      5.851286888122559,
      0,
      0,
      1,
      0,
      -1.2088241055607796E-4,
      3.6367817665450275E-4,
      0,
      1
    ],
    "w2s": [
      -16.077085494995117,
      -262.1140441894531,
      0,
      1591.138671875,
      -151.0469512939453,
      22.07805824279785,
      0,
      410.4183349609375,
      0,
      0,
      0,
      0.5,
      0.05298904329538345,
      -0.03971428796648979,
      0,
      1
    ],
    "projection": [
      0.5062500238418579,
      0,
      0,
      0,
      0,
      -0.8999999761581421,
      1.364464282989502,
      0,
      0,
      0,
      -1.040816307067871,
      -2.040816307067871,
      0,
      0,
      -1,
      0
    ]
  },
  "video": {
    "miny": 0.7500011920928955,
    "minx": -1.9368152618408203,
    "maxy": 5.545455455780029,
    "maxx": 2.8434042930603027
  }
}