{
  "dateSaved": "Mon Aug 22 00:41:22 PDT 2016",
  "proj2": {
    "camview": [
      0.42175453901290894,
      0.9047189354896545,
      -0.06005579233169556,
      -2.7423934936523438,
      -0.8994623422622681,
      0.40910661220550537,
      -0.15362073481082916,
      2.264918327331543,
      -0.11441437900066376,
      0.11880816519260406,
      0.9863032102584839,
      1.784582495689392,
      0,
      0,
      0,
      1
    ],
    "pos": [
      3.39800763130188,
      1.3424794673919678,
      1.5768975019454956
    ],
    "s2w": [
      0.0024466703180223703,
      0.0050623007118701935,
      0,
      -4.871701717376709,
      0.00623519578948617,
      -9.489789372310042E-4,
      0,
      -2.508314609527588,
      0,
      0,
      1,
      0,
      -1.7619285790715367E-4,
      4.506956902332604E-4,
      0,
      1
    ],
    "w2s": [
      -5.356378078460693,
      214.1857147216797,
      0,
      511.1504821777344,
      170.9615020751953,
      -46.8718147277832,
      0,
      715.30419921875,
      0,
      0,
      0,
      0.5,
      -0.07799536734819412,
      0.05886291712522507,
      0,
      1
    ],
    "projection": [
      0.5062500238418579,
      0,
      0,
      0,
      0,
      -0.8999999761581421,
      1.364464282989502,
      0,
      0,
      0,
      -1.040816307067871,
      -2.040816307067871,
      0,
      0,
      -1,
      0
    ]
  },
  "video": {
    "miny": 0.5909075736999512,
    "minx": -2.554945230484009,
    "maxy": 6.0625,
    "maxx": 2.184065580368042
  },
  "proj1": {
    "camview": [
      -0.2028960883617401,
      -0.9779718518257141,
      -0.049033407121896744,
      2.7194480895996094,
      0.9734092354774475,
      -0.19600516557693481,
      -0.11855988204479218,
      3.858490228652954,
      0.10633742809295654,
      -0.07178490608930588,
      0.9917355179786682,
      2.034752130508423,
      0,
      0,
      0,
      1
    ],
    "pos": [
      -3.420494794845581,
      3.56189227104187,
      1.4271299839019775
    ],
    "s2w": [
      -3.5216566175222397E-4,
      -0.004784715361893177,
      0,
      2.2440273761749268,
      -0.004164770245552063,
      0.001839980250224471,
      0,
      6.045042037963867,
      0,
      0,
      1,
      0,
      -1.29829189972952E-4,
      3.1391854281537235E-4,
      0,
      1
    ],
    "w2s": [
      2.80291485786438,
      -266.7848815917969,
      0,
      1606.4361572265625,
      -164.27272033691406,
      2.9562456607818604,
      0,
      350.7618713378906,
      0,
      0,
      0,
      0.5,
      0.05193215608596802,
      -0.03556448593735695,
      0,
      1
    ],
    "projection": [
      0.5062500238418579,
      0,
      0,
      0,
      0,
      -0.8999999761581421,
      1.364464282989502,
      0,
      0,
      0,
      -1.040816307067871,
      -2.040816307067871,
      0,
      0,
      -1,
      0
    ]
  }
}