{
  "dateSaved": "Sat Jan 28 18:53:37 PST 2017",
  "proj2": {
    "camview": [
      0.03634791448712349,
      -0.9993309378623962,
      -0.004069024231284857,
      -0.022394545376300812,
      0.9958986043930054,
      0.0365600511431694,
      -0.08276044577360153,
      5.981625556945801,
      0.08285383880138397,
      -0.0010441660415381193,
      0.9965611696243286,
      2.2752232551574707,
      0,
      0,
      0,
      1
    ],
    "pos": [
      -6.144789695739746,
      -0.23869238793849945,
      1.7724484205245972
    ],
    "s2w": [
      1.9061731291003525E-4,
      -0.005928235128521919,
      0,
      -0.19263003766536713,
      -0.004600731190294027,
      -2.6708460063673556E-4,
      0,
      4.419630527496338,
      0,
      0,
      1,
      0,
      -1.0636130355123896E-5,
      2.1632984862662852E-4,
      0,
      1
    ],
    "w2s": [
      44.7640266418457,
      -215.4267578125,
      0,
      960.7296142578125,
      -166.64967346191406,
      -6.900918960571289,
      0,
      -1.6022216081619263,
      0,
      0,
      0,
      0.5,
      0.03652741387486458,
      -7.984323310665786E-4,
      0,
      1
    ],
    "projection": [
      0.5062500238418579,
      0,
      0,
      0,
      0,
      -0.8999999761581421,
      1.364464282989502,
      0,
      0,
      0,
      -1.040816307067871,
      -2.040816307067871,
      0,
      0,
      -1,
      0
    ]
  },
  "video": {
    "miny": -4.505787372589111,
    "minx": -6.016482353210449,
    "maxy": 2.5568180084228516,
    "maxx": 0
  },
  "proj1": {
    "camview": [
      -0.0023357493337243795,
      0.9998522996902466,
      -0.01702885888516903,
      -0.0716167539358139,
      -0.9968135356903076,
      -0.0036857363302260637,
      -0.07968150824308395,
      -0.23744407296180725,
      -0.0797325000166893,
      0.016788482666015625,
      0.9966748952865601,
      1.7873173952102661,
      0,
      0,
      0,
      1
    ],
    "pos": [
      -0.09434747695922852,
      0.04072467237710953,
      1.8015137910842896
    ],
    "s2w": [
      -1.6029385733418167E-5,
      0.004485088866204023,
      0,
      -5.999756813049316,
      0.0044947536662220955,
      1.657808206800837E-5,
      0,
      -4.257919788360596,
      0,
      0,
      1,
      0,
      -4.2679479520302266E-5,
      1.9970616267528385E-4,
      0,
      1
    ],
    "w2s": [
      -43.00231170654297,
      281.9136962890625,
      0,
      942.3624877929688,
      213.94375610351562,
      13.497063636779785,
      0,
      1341.079833984375,
      0,
      0,
      0,
      0.5,
      -0.04456120356917381,
      0.009336482733488083,
      0,
      1
    ],
    "projection": [
      0.5062500238418579,
      0,
      0,
      0,
      0,
      -0.8999999761581421,
      1.364464282989502,
      0,
      0,
      0,
      -1.040816307067871,
      -2.040816307067871,
      0,
      0,
      -1,
      0
    ]
  }
}