{
  "dateSaved": "Tue Jan 31 23:42:17 PST 2017",
  "navier6": {},
  "navier5": {},
  "navier4": {},
  "navier3": {},
  "navier7": {},
  "proj2": {
    "camview": [
      -0.03499222174286842,
      -0.9993430376052856,
      -0.009433803148567677,
      0.015845224261283875,
      0.9968258142471313,
      -0.03422551974654198,
      -0.0718812420964241,
      6.058706283569336,
      0.07151114195585251,
      -0.011919142678380013,
      0.997368574142456,
      2.223893880844116,
      0,
      0,
      0,
      1
    ],
    "pos": [
      -6.197953701019287,
      0.24970410764217377,
      1.782384991645813
    ],
    "s2w": [
      -6.154555740067735E-5,
      -0.005527660250663757,
      0,
      -0.1940154880285263,
      -0.0044229524210095406,
      1.3850802497472614E-4,
      0,
      4.3011088371276855,
      0,
      0,
      1,
      0,
      -2.3467289793188684E-5,
      1.7880951054394245E-4,
      0,
      1
    ],
    "w2s": [
      25.782743453979492,
      -224.59603881835938,
      0,
      971.0142822265625,
      -176.71827697753906,
      2.7026331424713135,
      0,
      -45.910404205322266,
      0,
      0,
      0,
      0.5,
      0.03220396116375923,
      -0.005753916688263416,
      0,
      1
    ],
    "projection": [
      0.5062500238418579,
      0,
      0,
      0,
      0,
      -0.8999999761581421,
      1.364464282989502,
      0,
      0,
      0,
      -1.040816307067871,
      -2.040816307067871,
      0,
      0,
      -1,
      0
    ]
  },
  "video": {
    "miny": -2.8977279663085938,
    "minx": -5.934065818786621,
    "maxy": 3.0681819915771484,
    "maxx": -0.8241767883300781
  },
  "proj1": {
    "camview": [
      -0.009825630113482475,
      0.9998906254768372,
      -0.011053944006562233,
      -0.059902265667915344,
      -0.9969571232795715,
      -0.01065049134194851,
      -0.0772208496928215,
      -0.23851872980594635,
      -0.07733013480901718,
      0.010261564515531063,
      0.9969527125358582,
      1.7853232622146606,
      0,
      0,
      0,
      1
    ],
    "pos": [
      -0.10032224655151367,
      0.039035163819789886,
      1.7989636659622192
    ],
    "s2w": [
      -6.364184810081497E-5,
      0.004508567973971367,
      0,
      -5.987856864929199,
      0.00450789975002408,
      3.547752203303389E-5,
      0,
      -4.320413112640381,
      0,
      0,
      1,
      0,
      -2.787636549328454E-5,
      1.9473927386570722E-4,
      0,
      1
    ],
    "w2s": [
      -43.13751220703125,
      279.17535400390625,
      0,
      947.8517456054688,
      215.85011291503906,
      11.342941284179688,
      0,
      1341.48583984375,
      0,
      0,
      0,
      0.5,
      -0.04323701187968254,
      0.005573478061705828,
      0,
      1
    ],
    "projection": [
      0.5062500238418579,
      0,
      0,
      0,
      0,
      -0.8999999761581421,
      1.364464282989502,
      0,
      0,
      0,
      -1.040816307067871,
      -2.040816307067871,
      0,
      0,
      -1,
      0
    ]
  },
  "navier2": {},
  "navier1": {
    "diffusion": 0.10000000149011612,
    "multiColor": 1,
    "velScale": 20,
    "smokeEnable": 0,
    "ambient": 0,
    "velocityDissipation": 0.9900000095367432,
    "legScale": 1,
    "smokeBuoyancy": 1,
    "limitVelocity": 200,
    "saturation": 1,
    "smokeWeight": 0.05000000074505806,
    "flameVelocity": [
      0,
      -2,
      0
    ],
    "flameRadius": 10,
    "alpha": 1,
    "temperature": 10,
    "dissipation": 0.9898726940155029,
    "border": 1,
    "flameDensity": 1,
    "density": 1,
    "pressDissipation": 0.8999999761581421,
    "flameTemperature": 10,
    "flameEnable": 1,
    "iterations": 34,
    "rainbow": 1,
    "viscosity": 0.10000000149011612,
    "brightness": 1,
    "gravity": [
      0,
      -0.9800000190734863,
      0
    ],
    "tempDissipation": 0.9900000095367432,
    "flamePosition": [
      0,
      0.699999988079071,
      0
    ]
  },
  "navier0": {}
}