{
  "dateSaved": "Tue Jul 12 16:59:15 PDT 2016",
  "main": {"test": 1},
  "proj2": {
    "camview": [
      0.5788654685020447,
      0.8154075145721436,
      0.0050278883427381516,
      -3.124375581741333,
      -0.8062672019004822,
      0.5732763409614563,
      -0.14590218663215637,
      1.349770426750183,
      -0.12185211479663849,
      0.08040391653776169,
      0.9892862439155579,
      1.6102632284164429,
      0,
      0,
      0,
      1
    ],
    "pos": [
      3.093082904815674,
      1.644376516342163,
      1.3803678750991821
    ],
    "s2w": [
      0.002205104799941182,
      0.005849750712513924,
      0,
      -4.437561511993408,
      0.00403033709153533,
      -0.0018342598341405392,
      0,
      1.596269965171814,
      0,
      0,
      1,
      0,
      -5.4701937187928706E-5,
      7.37185007892549E-4,
      0,
      1
    ],
    "w2s": [
      109.01068115234375,
      330.21929931640625,
      0,
      -43.37757873535156,
      149.07591247558594,
      -71.04548645019531,
      0,
      774.9412841796875,
      0,
      0,
      0,
      0.5,
      -0.1039334312081337,
      0.07043729722499847,
      0,
      1
    ],
    "projection": [
      0.5062500238418579,
      0,
      0,
      0,
      0,
      -0.8999999761581421,
      1.364464282989502,
      0,
      0,
      0,
      -1.040816307067871,
      -2.040816307067871,
      0,
      0,
      -1,
      0
    ]
  },
  "proj1": {
    "camview": [
      -0.05420861020684242,
      -0.9969960451126099,
      -0.05532047897577286,
      3.1538357734680176,
      0.9848393797874451,
      -0.044240646064281464,
      -0.16773226857185364,
      3.0003435611724854,
      0.16478098928928375,
      -0.06357432156801224,
      0.984279215335846,
      2.033615827560425,
      0,
      0,
      0,
      1
    ],
    "pos": [
      -3.118992805480957,
      3.4063844680786133,
      0
    ],
    "s2w": [
      -7.194951467681676E-5,
      -0.006191402208060026,
      0,
      3.245844602584839,
      -0.0043664067052304745,
      0.0010110440198332071,
      0,
      7.093498229980469,
      0,
      0,
      1,
      0,
      -7.295995601452887E-5,
      3.071257087867707E-4,
      0,
      1
    ],
    "w2s": [
      43.07208251953125,
      -265.1825866699219,
      0,
      1741.2669677734375,
      -141.98826599121094,
      -6.0821051597595215,
      0,
      504.0152587890625,
      0,
      0,
      0,
      0.5,
      0.046750787645578384,
      -0.01747974008321762,
      0,
      1
    ],
    "projection": [
      0.5062500238418579,
      0,
      0,
      0,
      0,
      -0.8999999761581421,
      1.364464282989502,
      0,
      0,
      0,
      -1.040816307067871,
      -2.040816307067871,
      0,
      0,
      -1,
      0
    ]
  }
}