{
  "dateSaved": "Mon Aug 14 21:18:40 PDT 2017",
  "navier6": {},
  "navier5": {},
  "navier4": {},
  "navier3": {
    "diffusion": 0.10000000149011612,
    "multiColor": 1,
    "velScale": 100,
    "smokeEnable": 0,
    "ambient": 37.22527313232422,
    "velocityDissipation": 0.9900000095367432,
    "legScale": 1.1390382051467896,
    "smokeBuoyancy": 0.3681318163871765,
    "limitVelocity": 200,
    "saturation": 1,
    "smokeWeight": 0.05000000074505806,
    "flameVelocity": [
      -1.9073486328125E-6,
      0.2834663391113281,
      0
    ],
    "flameRadius": 10,
    "alpha": 1,
    "temperature": 10,
    "dissipation": 0.9748175144195557,
    "border": 1,
    "flameDensity": 1,
    "density": 1,
    "pressDissipation": 0.8999999761581421,
    "flameTemperature": 10,
    "flameEnable": 1,
    "iterations": 40,
    "rainbow": 1,
    "viscosity": 1.0E8,
    "brightness": 1,
    "gravity": [
      1.779527187347412,
      0.8818907737731934,
      0
    ],
    "tempDissipation": 0.9900000095367432,
    "flamePosition": [
      -1,
      0.9055124521255493,
      0
    ]
  },
  "navier7": {},
  "proj4": {
    "camview": [
      -0.9943833947181702,
      0.10566293448209763,
      -0.006081550847738981,
      0.1333111822605133,
      -0.1057877466082573,
      -0.9940379858016968,
      0.026410041376948357,
      4.553735256195068,
      -0.00325472978875041,
      0.026905059814453125,
      0.999632716178894,
      1.6966716051101685,
      0,
      0,
      0,
      1
    ],
    "pos": [
      0.6198140382766724,
      4.466850757598877,
      1.8155019283294678
    ],
    "s2w": [
      -0.003401768859475851,
      3.185167151968926E-4,
      0,
      3.4148473739624023,
      3.228540299460292E-4,
      0.003295606467872858,
      0,
      -0.2792104184627533,
      0,
      0,
      1,
      0,
      -1.1575517419259995E-5,
      -5.026836151955649E-5,
      0,
      1
    ],
    "w2s": [
      -290.05218505859375,
      43.32573699951172,
      0,
      1002.5809326171875,
      28.25082015991211,
      297.1824035644531,
      0,
      -13.495811462402344,
      0,
      0,
      0,
      0.5,
      -0.0019373819231987,
      0.015440390445291996,
      0,
      1
    ],
    "projection": [
      0.5062500238418579,
      0,
      0,
      0,
      0,
      -0.8999999761581421,
      1.364464282989502,
      0,
      0,
      0,
      -1.040816307067871,
      -2.040816307067871,
      0,
      0,
      -1,
      0
    ]
  },
  "proj3": {
    "camview": [
      0.06426779180765152,
      0.9976814985275269,
      -0.02238869108259678,
      -0.3208595812320709,
      -0.9979316592216492,
      0.06421950459480286,
      -0.002869828138500452,
      4.600611209869385,
      -0.0014253839617595077,
      0.022526821121573448,
      0.99974524974823,
      1.7885363101959229,
      0,
      0,
      0,
      1
    ],
    "pos": [
      4.6142659187316895,
      -0.01562331710010767,
      1.782061219215393
    ],
    "s2w": [
      7.837198791094124E-5,
      0.003370210062712431,
      0,
      -0.08627040684223175,
      0.0034928603563457727,
      -6.284886330831796E-5,
      0,
      -3.1110968589782715,
      0,
      0,
      1,
      0,
      -4.444800651981495E-5,
      5.697405413229717E-6,
      0,
      1
    ],
    "w2s": [
      3.831639528274536,
      286.2203063964844,
      0,
      890.7896118164062,
      284.8511962890625,
      -6.329284191131592,
      0,
      4.883212566375732,
      0,
      0,
      0,
      0.5,
      -0.0014526040758937597,
      0.01275798212736845,
      0,
      1
    ],
    "projection": [
      0.5062500238418579,
      0,
      0,
      0,
      0,
      -0.8999999761581421,
      1.364464282989502,
      0,
      0,
      0,
      -1.040816307067871,
      -2.040816307067871,
      0,
      0,
      -1,
      0
    ]
  },
  "proj2": {
    "camview": [
      0.9994246363639832,
      -0.03378630056977272,
      0.002970899920910597,
      0.1511232554912567,
      0.03382791578769684,
      0.9993106126785278,
      -0.015295935794711113,
      3.9870829582214355,
      -0.002452058717608452,
      0.015387634746730328,
      0.9998785853385925,
      1.6322170495986938,
      0,
      0,
      0,
      1
    ],
    "pos": [
      -0.28190872073173523,
      -4.004344463348389,
      1.571481704711914
    ],
    "s2w": [
      0.0035847327671945095,
      -2.81904503935948E-4,
      0,
      -3.429033041000366,
      -3.3089487260440364E-5,
      -0.0035471480805426836,
      0,
      0.4053488075733185,
      0,
      0,
      1,
      0,
      6.408942226698855E-6,
      3.299663512734696E-5,
      0,
      1
    ],
    "w2s": [
      279.80743408203125,
      -13.262019157409668,
      0,
      964.8446655273438,
      -2.8045270442962646,
      -283.43701171875,
      0,
      105.27403259277344,
      0,
      0,
      0,
      0.5,
      -0.0017007297137752175,
      0.009437463246285915,
      0,
      1
    ],
    "projection": [
      0.5062500238418579,
      0,
      0,
      0,
      0,
      -0.8999999761581421,
      1.364464282989502,
      0,
      0,
      0,
      -1.040816307067871,
      -2.040816307067871,
      0,
      0,
      -1,
      0
    ]
  },
  "video": {
    "miny": -2.8125038146972656,
    "minx": -3.6263694763183594,
    "maxy": 3.835224151611328,
    "maxx": 3.7087955474853516
  },
  "proj1": {
    "camview": [
      -0.007025992497801781,
      -0.9998345375061035,
      0.016778066754341125,
      0.38284897804260254,
      0.9996180534362793,
      -0.007470971439033747,
      -0.02660776488482952,
      4.70959997177124,
      0.026728710159659386,
      0.016584711149334908,
      0.9995051622390747,
      1.9737820625305176,
      0,
      0,
      0,
      1
    ],
    "pos": [
      -4.757867813110352,
      0.38523632287979126,
      1.853916883468628
    ],
    "s2w": [
      -2.0688024233095348E-4,
      -0.004517834167927504,
      0,
      0.7363911271095276,
      -0.004244789946824312,
      6.525903881993145E-5,
      0,
      4.465058326721191,
      0,
      0,
      1,
      0,
      3.8510115700773895E-5,
      6.107176159275696E-5,
      0,
      1
    ],
    "w2s": [
      10.808845520019531,
      -237.76063537597656,
      0,
      1053.6556396484375,
      -230.14932250976562,
      12.257918357849121,
      0,
      114.74759674072266,
      0,
      0,
      0,
      0.5,
      0.013639374636113644,
      0.008407576940953732,
      0,
      1
    ],
    "projection": [
      0.5062500238418579,
      0,
      0,
      0,
      0,
      -0.8999999761581421,
      1.364464282989502,
      0,
      0,
      0,
      -1.040816307067871,
      -2.040816307067871,
      0,
      0,
      -1,
      0
    ]
  },
  "navier2": {
    "diffusion": 0.10000000149011612,
    "multiColor": 1,
    "velScale": 63.73625946044922,
    "smokeEnable": 0,
    "ambient": 0,
    "velocityDissipation": 0.9900000095367432,
    "legScale": 2.6955766677856445,
    "smokeBuoyancy": 1,
    "limitVelocity": 200,
    "saturation": 1,
    "smokeWeight": 0.05000000074505806,
    "flameVelocity": [
      -0.8503954410552979,
      0.9448838233947754,
      0
    ],
    "flameRadius": 10,
    "alpha": 1,
    "temperature": 10,
    "dissipation": 0.9999989867210388,
    "border": 1,
    "flameDensity": 1,
    "density": 1,
    "pressDissipation": 0.8999999761581421,
    "flameTemperature": 10,
    "flameEnable": 1,
    "iterations": 40,
    "rainbow": 1,
    "viscosity": 0.10000000149011612,
    "brightness": 1,
    "gravity": [
      0,
      -0.9800000190734863,
      0
    ],
    "tempDissipation": 0.9900000095367432,
    "flamePosition": [
      -0.22047287225723267,
      0.17322897911071777,
      0
    ]
  },
  "navier1": {
    "diffusion": 0.10000000149011612,
    "multiColor": 1,
    "velScale": 40.659339904785156,
    "smokeEnable": 0,
    "ambient": 0,
    "velocityDissipation": 0.9890739917755127,
    "legScale": 2.2132692337036133,