{
  "dateSaved": "Fri Jun 23 22:44:09 PDT 2017",
  "navier6": {},
  "navier5": {},
  "navier4": {},
  "navier3": {
    "diffusion": 0.10000000149011612,
    "multiColor": 1,
    "velScale": 100,
    "smokeEnable": 0,
    "ambient": 37.22527313232422,
    "velocityDissipation": 0.9900000095367432,
    "legScale": 1.1390382051467896,
    "smokeBuoyancy": 0.3681318163871765,
    "limitVelocity": 200,
    "saturation": 1,
    "smokeWeight": 0.05000000074505806,
    "flameVelocity": [
      -1.9073486328125E-6,
      0.2834663391113281,
      0
    ],
    "flameRadius": 10,
    "alpha": 1,
    "temperature": 10,
    "dissipation": 0.9748175144195557,
    "border": 1,
    "flameDensity": 1,
    "density": 1,
    "pressDissipation": 0.8999999761581421,
    "flameTemperature": 10,
    "flameEnable": 1,
    "iterations": 40,
    "rainbow": 1,
    "viscosity": 1.0E8,
    "brightness": 1,
    "gravity": [
      1.779527187347412,
      0.8818907737731934,
      0
    ],
    "tempDissipation": 0.9900000095367432,
    "flamePosition": [
      -1,
      0.9055124521255493,
      0
    ]
  },
  "navier7": {},
  "proj4": {
    "camview": [
      0.06420427560806274,
      0.9968960285186768,
      -0.045564644038677216,
      -0.04692523926496506,
      -0.996985137462616,
      0.06606969237327576,
      0.04068746790289879,
      1.7800166606903076,
      0.04357161745429039,
      0.042814962565898895,
      0.9981324672698975,
      3.165087938308716,
      0,
      0,
      0,
      1
    ],
    "pos": [
      1.6397548913955688,
      -0.20633868873119354,
      3.2337393760681152
    ],
    "s2w": [
      -3.631796862464398E-4,
      0.00323187536559999,
      0,
      -2.9944489002227783,
      0.0057643502950668335,
      1.73489679582417E-4,
      0,
      -5.6465020179748535,
      0,
      0,
      1,
      0,
      -7.845369691494852E-5,
      -7.005585939623415E-5,
      0,
      1
    ],
    "w2s": [
      11.88063907623291,
      161.67282104492188,
      0,
      948.4618530273438,
      284.6763610839844,
      31.996782302856445,
      0,
      1033.1187744140625,
      0,
      0,
      0,
      0.5,
      0.02087532728910446,
      0.014925393275916576,
      0,
      1
    ],
    "projection": [
      0.5062500238418579,
      0,
      0,
      0,
      0,
      -0.8999999761581421,
      1.364464282989502,
      0,
      0,
      0,
      -1.040816307067871,
      -2.040816307067871,
      0,
      0,
      -1,
      0
    ]
  },
  "proj3": {
    "camview": [
      -0.8557605743408203,
      -0.5173676609992981,
      -0.0021329426672309637,
      0.3265036642551422,
      0.5137112736701965,
      -0.8492085933685303,
      -0.12225183844566345,
      2.5087473392486572,
      0.06143783777952194,
      -0.10571402311325073,
      0.9924968481063843,
      2.216315984725952,
      0,
      0,
      0,
      1
    ],
    "pos": [
      -1.1455284357070923,
      2.533667802810669,
      1.8922913074493408
    ],
    "s2w": [
      -0.007999833673238754,
      -0.0034039856400340796,
      0,
      10.522623062133789,
      -0.005550363566726446,
      0.005485568195581436,
      0,
      1.5904011726379395,
      0,
      0,
      1,
      0,
      -6.4975456552929245E-6,
      3.7236776552163064E-4,
      0,
      1
    ],
    "w2s": [
      -77.94820404052734,
      -116.63941192626953,
      0,
      1005.7230834960938,
      -88.2493667602539,
      126.34346008300781,
      0,
      727.6781005859375,
      0,
      0,
      0,
      0.5,
      0.032354749739170074,
      -0.047804102301597595,
      0,
      1
    ],
    "projection": [
      0.5062500238418579,
      0,
      0,
      0,
      0,
      -0.8999999761581421,
      1.364464282989502,
      0,
      0,
      0,
      -1.040816307067871,
      -2.040816307067871,
      0,
      0,
      -1,
      0
    ]
  },
  "proj2": {
    "camview": [
      0.009037021547555923,
      -0.9999125003814697,
      0.009659001603722572,
      -0.784603476524353,
      0.9992393255233765,
      0.008663651533424854,
      -0.038021937012672424,
      1.3147135972976685,
      0.03793492913246155,
      0.00999525934457779,
      0.9992302060127258,
      1.843853235244751,
      0,
      0,
      0,
      1
    ],
    "pos": [
      -1.3765696287155151,
      -0.8143548369407654,
      1.784867525100708
    ],
    "s2w": [
      3.340558396303095E-5,
      -0.00418485701084137,
      0,
      3.876858949661255,
      -0.004199536982923746,
      -6.73344693495892E-5,
      0,
      3.2272729873657227,
      0,
      0,
      1,
      0,
      2.2577856725547463E-5,
      8.887633885024115E-5,
      0,
      1
    ],
    "w2s": [
      20.1495418548584,
      -257.6943054199219,
      0,
      753.5328979492188,
      -243.0717315673828,
      3.0793919563293457,
      0,
      932.4168090820312,
      0,
      0,
      0,
      0.5,
      0.02114839293062687,
      0.00554449949413538,
      0,
      1
    ],
    "projection": [
      0.5062500238418579,
      0,
      0,
      0,
      0,
      -0.8999999761581421,
      1.364464282989502,
      0,
      0,
      0,
      -1.040816307067871,
      -2.040816307067871,
      0,
      0,
      -1,
      0
    ]
  },
  "video": {
    "miny": -2.3011369705200195,
    "minx": -1.3186817169189453,
    "maxy": 2.6420459747314453,
    "maxx": 1.2362632751464844
  },
  "proj1": {
    "camview": [
      0.9611025452613831,
      0.26960524916648865,
      -0.05995720624923706,
      -0.76824551820755,
      -0.27522560954093933,
      0.9530425071716309,
      -0.1263362616300583,
      2.1441903114318848,
      0.023080846294760704,
      0.13792386651039124,
      0.990173876285553,
      2.0285427570343018,
      0,
      0,
      0,
      1
    ],
    "pos": [
      1.281678318977356,
      -2.11616587638855,
      0
    ],
    "s2w": [
      0.004447176121175289,
      0.0017903870902955532,
      0,
      -4.823245048522949,
      0.0014550299383699894,
      -0.005270558875054121,
      0,
      2.903122663497925,
      0,
      0,
      1,
      0,
      -1.588375016581267E-4,
      3.346869780216366E-4,
      0,
      1
    ],
    "w2s": [
      239.6772918701172,
      130.72654724121094,
      0,
      776.5071411132812,
      73.5732650756836,
      -141.33926391601562,
      0,
      765.1871337890625,
      0,
      0,
      0,
      0.5,
      0.013445727527141571,
      0.06806869059801102,
      0,
      1
    ],
    "projection": [
      0.5062500238418579,
      0,
      0,
      0,
      0,
      -0.8999999761581421,
      1.364464282989502,
      0,
      0,
      0,
      -1.040816307067871,
      -2.040816307067871,
      0,
      0,
      -1,
      0
    ]
  },
  "navier2": {
    "diffusion": 0.10000000149011612,
    "multiColor": 1,
    "velScale": 63.73625946044922,
    "smokeEnable": 0,
    "ambient": 0,
    "velocityDissipation": 0.9900000095367432,
    "legScale": 2.6955766677856445,
    "smokeBuoyancy": 1,
    "limitVelocity": 200,
    "saturation": 1,
    "smokeWeight": 0.05000000074505806,
    "flameVelocity": [
      -0.8503954410552979,
      0.9448838233947754,
      0
    ],
    "flameRadius": 10,
    "alpha": 1,
    "temperature": 10,
    "dissipation": 0.9999989867210388,
    "border": 1,
    "flameDensity": 1,
    "density": 1,
    "pressDissipation": 0.8999999761581421,
    "flameTemperature": 10,
    "flameEnable": 1,
    "iterations": 40,
    "rainbow": 1,
    "viscosity": 0.10000000149011612,
    "brightness": 1,
    "gravity": [
      0,
      -0.9800000190734863,
      0
    ],
    "tempDissipation": 0.9900000095367432,
    "flamePosition": [
      -0.22047287225723267,
      0.17322897911071777,
      0
    ]
  },
  "navier1": {
    "diffusion": 0.10000000149011612,
    "multiColor": 1,
    "velScale": 40.659339904785156,
    "smokeEnable": 0,
    "ambient": 0,
    "velocityDissipation": 0.9890739917755127,
    "legScale": 2.2132692337036133,
    "smokeBuoyancy": 1,
    "limitVelocity": 200,