{
  "dateSaved": "Sun Dec 03 12:52:07 PST 2017",
  "navier6": {},
  "navier5": {},
  "navier4": {},
  "navier3": {
    "diffusion": 0.10000000149011612,
    "multiColor": 1,
    "velScale": 100,
    "smokeEnable": 0,
    "ambient": 37.22527313232422,
    "velocityDissipation": 0.9900000095367432,
    "legScale": 1.1390382051467896,
    "smokeBuoyancy": 0.3681318163871765,
    "limitVelocity": 200,
    "saturation": 1,
    "smokeWeight": 0.05000000074505806,
    "flameVelocity": [
      -1.9073486328125E-6,
      0.2834663391113281,
      0
    ],
    "flameRadius": 10,
    "alpha": 1,
    "temperature": 10,
    "dissipation": 0.9748175144195557,
    "border": 1,
    "flameDensity": 1,
    "density": 1,
    "pressDissipation": 0.8999999761581421,
    "flameTemperature": 10,
    "flameEnable": 1,
    "iterations": 40,
    "rainbow": 1,
    "viscosity": 1.0E8,
    "brightness": 1,
    "gravity": [
      1.779527187347412,
      0.8818907737731934,
      0
    ],
    "tempDissipation": 0.9900000095367432,
    "flamePosition": [
      -1,
      0.9055124521255493,
      0
    ]
  },
  "navier7": {},
  "proj4": {
    "camview": [
      0.009057551622390747,
      -0.9999517202377319,
      -0.0038082546088844538,
      -0.0415266752243042,
      0.9998472332954407,
      0.009113405831158161,
      -0.014914527535438538,
      4.423638343811035,
      0.014948513358831406,
      -0.0036725837271660566,
      0.9998815059661865,
      1.838224172592163,
      0,
      0,
      0,
      1
    ],
    "pos": [
      -4.4500651359558105,
      -0.07508805394172668,
      1.7721879482269287
    ],
    "s2w": [
      1,
      0,
      0,
      0,
      0,
      1,
      0,
      0,
      0,
      0,
      1,
      0,
      0,
      0,
      0,
      1
    ],
    "w2s": [
      1,
      0,
      0,
      0,
      0,
      1,
      0,
      0,
      0,
      0,
      0,
      0.5,
      0,
      0,
      0,
      1
    ],
    "projection": [
      0.5062500238418579,
      0,
      0,
      0,
      0,
      -0.8999999761581421,
      1.364464282989502,
      0,
      0,
      0,
      -1.040816307067871,
      -2.040816307067871,
      0,
      0,
      -1,
      0
    ]
  },
  "proj3": {
    "camview": [
      0.9994413256645203,
      0.02965663932263851,
      -0.015411249361932278,
      -0.15701262652873993,
      -0.02960304357111454,
      0.9995549321174622,
      0.003694326849654317,
      4.751424312591553,
      0.015513951890170574,
      -0.003236043034121394,
      0.9998744130134583,
      1.823163390159607,
      0,
      0,
      0,
      1
    ],
    "pos": [
      0.2692970633506775,
      -4.738753318786621,
      1.8429075479507446
    ],
    "s2w": [
      1,
      0,
      0,
      0,
      0,
      1,
      0,
      0,
      0,
      0,
      1,
      0,
      0,
      0,
      0,
      1
    ],
    "w2s": [
      1,
      0,
      0,
      0,
      0,
      1,
      0,
      0,
      0,
      0,
      0,
      0.5,
      0,
      0,
      0,
      1
    ],
    "projection": [
      0.5062500238418579,
      0,
      0,
      0,
      0,
      -0.8999999761581421,
      1.364464282989502,
      0,
      0,
      0,
      -1.040816307067871,
      -2.040816307067871,
      0,
      0,
      -1,
      0
    ]
  },
  "proj2": {
    "camview": [
      0.9997560381889343,
      -0.021873965859413147,
      0.0030734653118997812,
      -0.11685412377119064,
      0.02062036655843258,
      0.9740992784500122,
      0.22517865896224976,
      -0.7167266607284546,
      -0.00791941024363041,
      -0.2250603437423706,
      0.9743126630783081,
      1.943009614944458,
      0,
      0,
      0,
      1
    ],
    "pos": [
      0.1469922661781311,
      1.1329011917114258,
      1.7313481569290161
    ],
    "s2w": [
      0.0022968160919845104,
      -8.322825306095183E-5,
      0,
      -2.008073568344116,
      -5.389275247580372E-5,
      -0.002521344693377614,
      0,
      3.75954008102417,
      0,
      0,
      1,
      0,
      4.054246801388217E-6,
      -2.970397472381592E-4,
      0,
      1
    ],
    "w2s": [
      242.3603973388672,
      -117.28065490722656,
      0,
      927.5988159179688,
      -11.928955078125,
      -397.7115478515625,
      0,
      1471.25830078125,
      0,
      0,
      0,
      0.5,
      -0.0045259627513587475,
      -0.11766064912080765,
      0,
      1
    ],
    "projection": [
      0.5062500238418579,
      0,
      0,
      0,
      0,
      -0.8999999761581421,
      1.364464282989502,
      0,
      0,
      0,
      -1.040816307067871,
      -2.040816307067871,
      0,
      0,
      -1,
      0
    ]
  },
  "video": {
    "miny": 1.6477251052856445,
    "minx": -1.5384588241577148,
    "maxy": 4.374998092651367,
    "maxx": 1.3186845779418945
  },
  "proj1": {
    "camview": [
      -0.9998539686203003,
      0.008654593490064144,
      -0.014736426062881947,
      0.9871163964271545,
      -0.011531812138855457,
      -0.9780570268630981,
      0.2080180048942566,
      4.961724758148193,
      -0.012612753547728062,
      0.20815756916999817,
      0.9780139923095703,
      0.6825692057609558,
      0,
      0,
      0,
      1
    ],
    "pos": [
      1.0527989864349365,
      4.7022247314453125,
      1.6851437091827393
    ],
    "s2w": [
      -0.002358362078666687,
      -1.1298939352855086E-4,
      0,
      3.221544027328491,
      -1.5016300312709063E-4,
      9.65708983130753E-4,
      0,
      2.190654993057251,
      0,
      0,
      1,
      0,
      -1.951687954715453E-5,
      -2.7549825608730316E-4,
      0,
      1
    ],
    "w2s": [
      -683.9219970703125,
      337.5700378417969,
      0,
      1463.7855224609375,
      -46.812034606933594,
      1000.4486083984375,
      0,
      -2040.8306884765625,
      0,
      0,
      0,
      0.5,
      -0.02624465711414814,
      0.2822101414203644,
      0,
      1
    ],
    "projection": [
      0.5062500238418579,
      0,
      0,
      0,
      0,
      -0.8999999761581421,
      1.364464282989502,
      0,
      0,
      0,
      -1.040816307067871,
      -2.040816307067871,
      0,
      0,
      -1,
      0
    ]
  },
  "navier2": {
    "diffusion": 0.10000000149011612,
    "multiColor": 1,
    "velScale": 63.73625946044922,
    "smokeEnable": 0,
    "ambient": 0,
    "velocityDissipation": 0.9900000095367432,
    "legScale": 2.6955766677856445,
    "smokeBuoyancy": 1,
    "limitVelocity": 200,
    "saturation": 1,
    "smokeWeight": 0.05000000074505806,
    "flameVelocity": [
      -0.8503954410552979,
      0.9448838233947754,
      0
    ],
    "flameRadius": 10,
    "alpha": 1,
    "temperature": 10,
    "dissipation": 0.9999989867210388,
    "border": 1,
    "flameDensity": 1,
    "density": 1,
    "pressDissipation": 0.8999999761581421,
    "flameTemperature": 10,
    "flameEnable": 1,
    "iterations": 40,
    "rainbow": 1,
    "viscosity": 0.10000000149011612,
    "brightness": 1,
    "gravity": [
      0,
      -0.9800000190734863,
      0
    ],
    "tempDissipation": 0.9900000095367432,
    "flamePosition": [
      -0.22047287225723267,
      0.17322897911071777,
      0
    ]
  },
  "navier1": {
    "diffusion": 0.10000000149011612,
    "multiColor": 1,
    "velScale": 40.659339904785156,
    "smokeEnable": 0,
    "ambient": 0,
    "velocityDissipation": 0.9890739917755127,
    "legScale": 2.2132692337036133,
    "smokeBuoyancy": 1,
    "limitVelocity": 200,
    "saturation": 0.8351648449897766,
    "smokeWeight": 0.05000000074505806,
    "flameVelocity": [
      0,
      -2,
      0
    ],
    "flameRadius": 10,
    "alpha": 1,
    "temperature": 10,
    "dissipation": 0.9999989867210388,
    "border": 1,
    "flameDensity": 1,
    "density": 1,
    "pressDissipation": 0.8999999761581421,
    "flameTemperature": 10,
    "flameEnable": 0,
    "iterations": 63,
    "rainbow": 1,
    "viscosity": 0.10000000149011612,
    "brightness": 1,