{
  "dateSaved": "Sat Jun 10 22:58:40 PDT 2017",
  "navier6": {},
  "navier5": {},
  "navier4": {},
  "navier3": {
    "diffusion": 0.10000000149011612,
    "multiColor": 1,
    "velScale": 100,
    "smokeEnable": 0,
    "ambient": 37.22527313232422,
    "velocityDissipation": 0.9900000095367432,
    "legScale": 1.1390382051467896,
    "smokeBuoyancy": 0.3681318163871765,
    "limitVelocity": 200,
    "saturation": 1,
    "smokeWeight": 0.05000000074505806,
    "flameVelocity": [
      -1.9073486328125E-6,
      0.2834663391113281,
      0
    ],
    "flameRadius": 10,
    "alpha": 1,
    "temperature": 10,
    "dissipation": 0.9748175144195557,
    "border": 1,
    "flameDensity": 1,
    "density": 1,
    "pressDissipation": 0.8999999761581421,
    "flameTemperature": 10,
    "flameEnable": 1,
    "iterations": 40,
    "rainbow": 1,
    "viscosity": 1.0E8,
    "brightness": 1,
    "gravity": [
      1.779527187347412,
      0.8818907737731934,
      0
    ],
    "tempDissipation": 0.9900000095367432,
    "flamePosition": [
      -1,
      0.9055124521255493,
      0
    ]
  },
  "navier7": {},
  "proj4": {
    "camview": [
      -0.051110342144966125,
      0.9985764622688293,
      -0.015257337130606174,
      0.007988939993083477,
      -0.9986148476600647,
      -0.05090925097465515,
      0.013289609923958778,
      1.7768635749816895,
      0.012493952177464962,
      0.015915440395474434,
      0.9997952580451965,
      3.12614369392395,
      0,
      0,
      0,
      1
    ],
    "pos": [
      1.735752820968628,
      0.03272727504372597,
      3.1489956378936768
    ],
    "s2w": [
      -8.960869745351374E-4,
      0.0034717863891273737,
      0,
      -2.705779552459717,
      0.0062718940898776054,
      4.94224950671196E-4,
      0,
      -6.5273027420043945,
      0,
      0,
      1,
      0,
      -2.9481923775165342E-5,
      -2.5679402824607678E-5,
      0,
      1
    ],
    "w2s": [
      -14.700441360473633,
      153.13589477539062,
      0,
      959.7882080078125,
      273.6331481933594,
      43.922882080078125,
      0,
      1027.0888671875,
      0,
      0,
      0,
      0.5,
      0.006593338213860989,
      0.005642653908580542,
      0,
      1
    ],
    "projection": [
      0.5062500238418579,
      0,
      0,
      0,
      0,
      -0.8999999761581421,
      1.364464282989502,
      0,
      0,
      0,
      -1.040816307067871,
      -2.040816307067871,
      0,
      0,
      -1,
      0
    ]
  },
  "proj3": {
    "camview": [
      -0.8686357140541077,
      -0.4948362112045288,
      0.024680016562342644,
      0.3631711006164551,
      0.48767030239105225,
      -0.8627260327339172,
      -0.13372142612934113,
      2.7710304260253906,
      0.08746229857206345,
      -0.10411950200796127,
      0.9907116293907166,
      2.1774747371673584,
      0,
      0,
      0,
      1
    ],
    "pos": [
      -1.2263327836990356,
      2.797067880630493,
      1.7956663370132446
    ],
    "s2w": [
      -0.009368184953927994,
      -0.0035598166286945343,
      0,
      11.840892791748047,
      -0.005823134910315275,
      0.006389388348907232,
      0,
      1.6798447370529175,
      0,
      0,
      1,
      0,
      8.597585110692307E-5,
      4.658361431211233E-4,
      0,
      1
    ],
    "w2s": [
      -69.5758285522461,
      -112.62133026123047,
      0,
      1013.0262451171875,
      -74.05183410644531,
      128.88320922851562,
      0,
      660.3360595703125,
      0,
      0,
      0,
      0.5,
      0.04047786071896553,
      -0.05035573989152908,
      0,
      1
    ],
    "projection": [
      0.5062500238418579,
      0,
      0,
      0,
      0,
      -0.8999999761581421,
      1.364464282989502,
      0,
      0,
      0,
      -1.040816307067871,
      -2.040816307067871,
      0,
      0,
      -1,
      0
    ]
  },
  "proj2": {
    "camview": [
      -0.0011851106537505984,
      -0.9999217987060547,
      0.012448018416762352,
      -0.7869436740875244,
      0.9990454912185669,
      -0.0017274500569328666,
      -0.0436483658850193,
      1.306235909461975,
      0.04366645589470863,
      0.01238440815359354,
      0.9989693760871887,
      1.8351421356201172,
      0,
      0,
      0,
      1
    ],
    "pos": [
      -1.386055827140808,
      -0.8073528409004211,
      1.7664399147033691
    ],
    "s2w": [
      -4.038389761262806E-6,
      -0.004224403295665979,
      0,
      3.948287010192871,
      -0.0042669158428907394,
      5.458640316646779E-6,
      0,
      3.2053961753845215,
      0,
      0,
      1,
      0,
      2.9793063731631264E-5,
      1.0446754458826035E-4,
      0,
      1
    ],
    "w2s": [
      18.27448844909668,
      -257.2438659667969,
      0,
      752.4155883789062,
      -242.017578125,
      6.749993801116943,
      0,
      933.91845703125,
      0,
      0,
      0,
      0.5,
      0.024738529697060585,
      0.006958928424865007,
      0,
      1
    ],
    "projection": [
      0.5062500238418579,
      0,
      0,
      0,
      0,
      -0.8999999761581421,
      1.364464282989502,
      0,
      0,
      0,
      -1.040816307067871,
      -2.040816307067871,
      0,
      0,
      -1,
      0
    ]
  },
  "video": {
    "miny": -1.875,
    "minx": -3.7912092208862305,
    "maxy": 2.897726058959961,
    "maxx": 3.956043243408203
  },
  "proj1": {
    "camview": [
      0.9611178636550903,
      0.2695506513118744,
      -0.059957198798656464,
      -0.7681785225868225,
      -0.2751714587211609,
      0.953058123588562,
      -0.1263362169265747,
      2.143584728240967,
      0.023088688030838966,
      0.1379225105047226,
      0.990173876285553,
      2.0278046131134033,
      0,
      0,
      0,
      1
    ],
    "pos": [
      1.2813441753387451,
      -2.1155779361724854,
      1.7831246852874756
    ],
    "s2w": [
      0.004447176121175289,
      0.0017903870902955532,
      0,
      -4.823245048522949,
      0.0014550299383699894,
      -0.005270558875054121,
      0,
      2.903122663497925,
      0,
      0,
      1,
      0,
      -1.588375016581267E-4,
      3.346869780216366E-4,
      0,
      1
    ],
    "w2s": [
      239.6772918701172,
      130.72654724121094,
      0,
      776.5071411132812,
      73.5732650756836,
      -141.33926391601562,
      0,
      765.1871337890625,
      0,
      0,
      0,
      0.5,
      0.013445727527141571,
      0.06806869059801102,
      0,
      1
    ],
    "projection": [
      0.5062500238418579,
      0,
      0,
      0,
      0,
      -0.8999999761581421,
      1.364464282989502,
      0,
      0,
      0,
      -1.040816307067871,
      -2.040816307067871,
      0,
      0,
      -1,
      0
    ]
  },
  "navier2": {
    "diffusion": 0.10000000149011612,
    "multiColor": 1,
    "velScale": 63.73625946044922,
    "smokeEnable": 0,
    "ambient": 0,
    "velocityDissipation": 0.9900000095367432,
    "legScale": 2.6955766677856445,
    "smokeBuoyancy": 1,
    "limitVelocity": 200,
    "saturation": 1,
    "smokeWeight": 0.05000000074505806,
    "flameVelocity": [
      -0.8503954410552979,
      0.9448838233947754,
      0
    ],
    "flameRadius": 10,
    "alpha": 1,
    "temperature": 10,
    "dissipation": 0.9999989867210388,
    "border": 1,
    "flameDensity": 1,
    "density": 1,
    "pressDissipation": 0.8999999761581421,
    "flameTemperature": 10,
    "flameEnable": 1,
    "iterations": 40,
    "rainbow": 1,
    "viscosity": 0.10000000149011612,
    "brightness": 1,
    "gravity": [
      0,
      -0.9800000190734863,
      0
    ],
    "tempDissipation": 0.9900000095367432,
    "flamePosition": [
      -0.22047287225723267,
      0.17322897911071777,
      0
    ]
  },
  "navier1": {
    "diffusion": 0.10000000149011612,
    "multiColor": 1,
    "velScale": 40.659339904785156,
    "smokeEnable": 0,
    "ambient": 0,
    "velocityDissipation": 0.9890739917755127,
    "legScale": 2.2132692337036133,
    "smokeBuoyancy": 1,
    "limitVelocity": 200,