{
  "dateSaved": "Thu Jul 06 16:16:01 PDT 2017",
  "navier6": {},
  "navier5": {},
  "navier4": {},
  "navier3": {
    "diffusion": 0.10000000149011612,
    "multiColor": 1,
    "velScale": 100,
    "smokeEnable": 0,
    "ambient": 37.22527313232422,
    "velocityDissipation": 0.9900000095367432,
    "legScale": 1.1390382051467896,
    "smokeBuoyancy": 0.3681318163871765,
    "limitVelocity": 200,
    "saturation": 1,
    "smokeWeight": 0.05000000074505806,
    "flameVelocity": [
      -1.9073486328125E-6,
      0.2834663391113281,
      0
    ],
    "flameRadius": 10,
    "alpha": 1,
    "temperature": 10,
    "dissipation": 0.9748175144195557,
    "border": 1,
    "flameDensity": 1,
    "density": 1,
    "pressDissipation": 0.8999999761581421,
    "flameTemperature": 10,
    "flameEnable": 1,
    "iterations": 40,
    "rainbow": 1,
    "viscosity": 1.0E8,
    "brightness": 1,
    "gravity": [
      1.779527187347412,
      0.8818907737731934,
      0
    ],
    "tempDissipation": 0.9900000095367432,
    "flamePosition": [
      -1,
      0.9055124521255493,
      0
    ]
  },
  "navier7": {},
  "proj4": {
    "camview": [
      -0.056124404072761536,
      -0.9984052777290344,
      -0.00608156668022275,
      0.10275578498840332,
      0.9980664253234863,
      -0.05626622587442398,
      0.026410004124045372,
      4.520360469818115,
      -0.02671007253229618,
      -0.004587561823427677,
      0.999632716178894,
      1.6973674297332764,
      0,
      0,
      0,
      1
    ],
    "pos": [
      -4.460515975952148,
      0.3647223114967346,
      1.8155016899108887
    ],
    "s2w": [
      -1.5379698015749454E-4,
      -0.003308950923383236,
      0,
      0.14080549776554108,
      -0.0034132334403693676,
      1.5600172628182918E-4,
      0,
      3.392120838165283,
      0,
      0,
      1,
      0,
      -1.1575599273783155E-5,
      -5.026829967391677E-5,
      0,
      1
    ],
    "w2s": [
      -28.848886489868164,
      -291.73089599609375,
      0,
      993.6485595703125,
      -298.1007080078125,
      13.444441795349121,
      0,
      -3.630951404571533,
      0,
      0,
      0,
      0.5,
      -0.015318959020078182,
      -0.002701130695641041,
      0,
      1
    ],
    "projection": [
      0.5062500238418579,
      0,
      0,
      0,
      0,
      -0.8999999761581421,
      1.364464282989502,
      0,
      0,
      0,
      -1.040816307067871,
      -2.040816307067871,
      0,
      0,
      -1,
      0
    ]
  },
  "proj3": {
    "camview": [
      -0.9992809891700745,
      -0.030598336830735207,
      -0.022388648241758347,
      -0.22967860102653503,
      0.03067011758685112,
      -0.9995254278182983,
      -0.0028697687666863203,
      4.436976432800293,
      -0.022290213033556938,
      -0.0035543679259717464,
      0.99974524974823,
      1.6925034523010254,
      0,
      0,
      0,
      1
    ],
    "pos": [
      -0.32786980271339417,
      4.433858871459961,
      1.6844812631607056
    ],
    "s2w": [
      -0.0034938454627990723,
      -1.0450438276166096E-4,
      0,
      3.1431546211242676,
      -9.383584256283939E-5,
      0.0033689856063574553,
      0,
      0.03603648766875267,
      0,
      0,
      1,
      0,
      -4.4447915570344776E-5,
      5.697320830222452E-6,
      0,
      1
    ],
    "w2s": [
      -285.9619140625,
      -10.391046524047852,
      0,
      899.1969604492188,
      -7.829373359680176,
      284.71905517578125,
      0,
      14.34865665435791,
      0,
      0,
      0,
      0.5,
      -0.012665804475545883,
      -0.0020839960779994726,
      0,
      1
    ],
    "projection": [
      0.5062500238418579,
      0,
      0,
      0,
      0,
      -0.8999999761581421,
      1.364464282989502,
      0,
      0,
      0,
      -1.040816307067871,
      -2.040816307067871,
      0,
      0,
      -1,
      0
    ]
  },
  "proj2": {
    "camview": [
      -0.015913868322968483,
      0.9998689293861389,
      0.0029708687216043472,
      0.18400335311889648,
      -0.9997571110725403,
      -0.015866640955209732,
      -0.0152959693223238,
      4.01817512512207,
      -0.015246827155351639,
      -0.003213565330952406,
      0.9998785853385925,
      1.6325948238372803,
      0,
      0,
      0,
      1
    ],
    "pos": [
      4.045019149780273,
      -0.11497785151004791,
      1.571481466293335
    ],
    "s2w": [
      -1.4486357395071536E-4,
      0.0035578166134655476,
      0,
      -0.20285552740097046,
      0.0035817415919154882,
      -1.0637730883900076E-4,
      0,
      -3.4773194789886475,
      0,
      0,
      1,
      0,
      6.408860372175695E-6,
      3.299675154266879E-5,
      0,
      1
    ],
    "w2s": [
      -0.6570627689361572,
      280.0577392578125,
      0,
      973.7169189453125,
      283.1625061035156,
      11.279548645019531,
      0,
      96.6636734008789,
      0,
      0,
      0,
      0.5,
      -0.009339231997728348,
      -0.002167039318010211,
      0,
      1
    ],
    "projection": [
      0.5062500238418579,
      0,
      0,
      0,
      0,
      -0.8999999761581421,
      1.364464282989502,
      0,
      0,
      0,
      -1.040816307067871,
      -2.040816307067871,
      0,
      0,
      -1,
      0
    ]
  },
  "video": {
    "miny": -3.579547882080078,
    "minx": -3.447956085205078,
    "maxy": 3.238636016845703,
    "maxx": 3.2967090606689453
  },
  "proj1": {
    "camview": [
      0.9989486932754517,
      0.042661603540182114,
      0.016778085380792618,
      0.35264965891838074,
      -0.04220641776919365,
      0.9987545609474182,
      -0.026607783511281013,
      4.743274688720703,
      -0.017892319709062576,
      0.02587166801095009,
      0.9995051622390747,
      1.9751852750778198,
      0,
      0,
      0,
      1
    ],
    "pos": [
      -0.11674162745475769,
      -4.803513050079346,
      1.8539165258407593
    ],
    "s2w": [
      0.004251043312251568,
      1.6123020031955093E-4,
      0,
      -4.464518070220947,
      3.0396638521779096E-6,
      -0.004517473746091127,
      0,
      0.481244295835495,
      0,
      0,
      1,
      0,
      3.8510101148858666E-5,
      6.107175431679934E-5,
      0,
      1
    ],
    "w2s": [
      236.76075744628906,
      22.59298324584961,
      0,
      1046.14990234375,
      -0.8067448139190674,
      -230.3095703125,
      0,
      107.23344421386719,
      0,
      0,
      0,
      0.5,
      -0.009068411774933338,
      0.013195352628827095,
      0,
      1
    ],
    "projection": [
      0.5062500238418579,
      0,
      0,
      0,
      0,
      -0.8999999761581421,
      1.364464282989502,
      0,
      0,
      0,
      -1.040816307067871,
      -2.040816307067871,
      0,
      0,
      -1,
      0
    ]
  },
  "navier2": {
    "diffusion": 0.10000000149011612,
    "multiColor": 1,
    "velScale": 63.73625946044922,
    "smokeEnable": 0,
    "ambient": 0,
    "velocityDissipation": 0.9900000095367432,
    "legScale": 2.6955766677856445,
    "smokeBuoyancy": 1,
    "limitVelocity": 200,
    "saturation": 1,
    "smokeWeight": 0.05000000074505806,
    "flameVelocity": [
      -0.8503954410552979,
      0.9448838233947754,
      0
    ],
    "flameRadius": 10,
    "alpha": 1,
    "temperature": 10,
    "dissipation": 0.9999989867210388,
    "border": 1,
    "flameDensity": 1,
    "density": 1,
    "pressDissipation": 0.8999999761581421,
    "flameTemperature": 10,
    "flameEnable": 1,
    "iterations": 40,
    "rainbow": 1,
    "viscosity": 0.10000000149011612,
    "brightness": 1,
    "gravity": [
      0,
      -0.9800000190734863,
      0
    ],
    "tempDissipation": 0.9900000095367432,
    "flamePosition": [
      -0.22047287225723267,
      0.17322897911071777,
      0
    ]
  },
  "navier1": {
    "diffusion": 0.10000000149011612,
    "multiColor": 1,
    "velScale": 40.659339904785156,
    "smokeEnable": 0,
    "ambient": 0,
    "velocityDissipation": 0.9890739917755127,