{
  "dateSaved": "Wed Mar 07 22:32:47 PST 2018",
  "navier6": {},
  "navier5": {},
  "navier4": {},
  "navier3": {
    "diffusion": 0.10000000149011612,
    "multiColor": 1,
    "velScale": 100,
    "smokeEnable": 0,
    "ambient": 37.22527313232422,
    "velocityDissipation": 0.9900000095367432,
    "legScale": 1.1390382051467896,
    "smokeBuoyancy": 0.3681318163871765,
    "limitVelocity": 200,
    "saturation": 1,
    "smokeWeight": 0.05000000074505806,
    "flameVelocity": [
      -1.9073486328125E-6,
      0.2834663391113281,
      0
    ],
    "flameRadius": 10,
    "alpha": 1,
    "temperature": 10,
    "dissipation": 0.9748175144195557,
    "border": 1,
    "flameDensity": 1,
    "density": 1,
    "pressDissipation": 0.8999999761581421,
    "flameTemperature": 10,
    "flameEnable": 1,
    "iterations": 40,
    "rainbow": 1,
    "viscosity": 1.0E8,
    "brightness": 1,
    "gravity": [
      1.779527187347412,
      0.8818907737731934,
      0
    ],
    "tempDissipation": 0.9900000095367432,
    "flamePosition": [
      -1,
      0.9055124521255493,
      0
    ]
  },
  "navier7": {},
  "proj4": {
    "camview": [
      0.6771270036697388,
      -0.7357459664344788,
      -0.013302608393132687,
      1.0176531076431274,
      0.7358636856079102,
      0.6769667863845825,
      0.014852628111839294,
      2.515582799911499,
      -0.0019223368726670742,
      -0.019846022129058838,
      0.9998012185096741,
      1.8973933458328247,
      0,
      0,
      0,
      1
    ],
    "pos": [
      -2.5365591049194336,
      -0.9165762066841125,
      1.9208416938781738
    ],
    "s2w": [
      0.002540062880143523,
      -0.0026916032657027245,
      0,
      -1.4118618965148926,
      -0.0026488350704312325,
      -0.002516514388844371,
      0,
      4.828404426574707,
      0,
      0,
      1,
      0,
      -2.5698804165585898E-5,
      -2.8693104468402453E-5,
      0,
      1
    ],
    "w2s": [
      175.86318969726562,
      -202.05377197265625,
      0,
      1223.891845703125,
      -186.71820068359375,
      -185.16726684570312,
      0,
      630.4421997070312,
      0,
      0,
      0,
      0.5,
      -8.380514336749911E-4,
      -0.010505564510822296,
      0,
      1
    ],
    "projection": [
      0.5062500238418579,
      0,
      0,
      0,
      0,
      -0.8999999761581421,
      1.364464282989502,
      0,
      0,
      0,
      -1.040816307067871,
      -2.040816307067871,
      0,
      0,
      -1,
      0
    ]
  },
  "proj3": {
    "camview": [
      0.23653697967529297,
      -0.9716179966926575,
      -0.0029509689193218946,
      1.3552987575531006,
      0.9716165065765381,
      0.23654508590698242,
      -0.002783385571092367,
      2.9535727500915527,
      0.003402424743399024,
      -0.0022088366094976664,
      0.999991774559021,
      1.9012528657913208,
      0,
      0,
      0,
      1
    ],
    "pos": [
      -3.196787118911743,
      0.6223791837692261,
      1.88901686668396
    ],
    "s2w": [
      9.761201217770576E-4,
      -0.003866452258080244,
      0,
      0.7458598613739014,
      -0.003746950766071677,
      -9.000340360216796E-4,
      0,
      5.384001731872559,
      0,
      0,
      1,
      0,
      -6.081017090764362E-6,
      5.735660124628339E-6,
      0,
      1
    ],
    "w2s": [
      60.582977294921875,
      -251.90313720703125,
      0,
      1311.0604248046875,
      -241.71697998046875,
      -63.82006072998047,
      0,
      523.894287109375,
      0,
      0,
      0,
      0.5,
      0.0017548126634210348,
      -0.001165777095593512,
      0,
      1
    ],
    "projection": [
      0.5062500238418579,
      0,
      0,
      0,
      0,
      -0.8999999761581421,
      1.364464282989502,
      0,
      0,
      0,
      -1.040816307067871,
      -2.040816307067871,
      0,
      0,
      -1,
      0
    ]
  },
  "proj2": {
    "camview": [
      -0.20847515761852264,
      -0.9779504537582397,
      -0.012288126163184643,
      1.1237244606018066,
      0.9780184626579285,
      -0.20851118862628937,
      0.0017139132833108306,
      2.706531047821045,
      -0.004238334018737078,
      -0.01166070532053709,
      0.999923050403595,
      1.8178447484970093,
      0,
      0,
      0,
      1
    ],
    "pos": [
      -2.405064105987549,
      1.6844862699508667,
      1.808535099029541
    ],
    "s2w": [
      -8.145454339683056E-4,
      -0.0035449129063636065,
      0,
      2.9311976432800293,
      -0.0036368300206959248,
      7.005574880167842E-4,
      0,
      4.171799659729004,
      0,
      0,
      1,
      0,
      -2.457880873407703E-5,
      -3.4282129490748048E-6,
      0,
      1
    ],
    "w2s": [
      -53.09853744506836,
      -262.563720703125,
      0,
      1251.0054931640625,
      -262.5212097167969,
      55.15164566040039,
      0,
      539.4199829101562,
      0,
      0,
      0,
      0.5,
      -0.0022050775587558746,
      -0.006264431867748499,
      0,
      1
    ],
    "projection": [
      0.5062500238418579,
      0,
      0,
      0,
      0,
      -0.8999999761581421,
      1.364464282989502,
      0,
      0,
      0,
      -1.040816307067871,
      -2.040816307067871,
      0,
      0,
      -1,
      0
    ]
  },
  "video": {
    "miny": -1.5909090042114258,
    "minx": -2.25274658203125,
    "maxy": 4.090909957885742,
    "maxx": 2.3076915740966797
  },
  "proj1": {
    "camview": [
      -0.9998068809509277,
      -0.011823455803096294,
      -0.01569700986146927,
      0.3053781986236572,
      0.012529182247817516,
      -0.9988789558410645,
      -0.04564957320690155,
      4.800741672515869,
      -0.015139676630496979,
      -0.04583742842078209,
      0.9988341927528381,
      1.930067539215088,
      0,
      0,
      0,
      1
    ],
    "pos": [
      0.27439045906066895,
      4.887439727783203,
      1.7038720846176147
    ],
    "s2w": [
      -0.003911251667886972,
      -7.974031177582219E-5,
      0,
      4.083909034729004,
      -2.041123661911115E-4,
      0.004102465230971575,
      0,
      0.040329884737730026,
      0,
      0,
      1,
      0,
      -3.549616303644143E-5,
      1.0322895832359791E-4,
      0,
      1
    ],
    "w2s": [
      -255.1543426513672,
      -31.211332321166992,
      0,
      1043.285888671875,
      -12.618614196777344,
      234.48367309570312,
      0,
      42.07657241821289,
      0,
      0,
      0,
      0.5,
      -0.007754393853247166,
      -0.02531338855624199,
      0,
      1
    ],
    "projection": [
      0.5062500238418579,
      0,
      0,
      0,
      0,
      -0.8999999761581421,
      1.364464282989502,
      0,
      0,
      0,
      -1.040816307067871,
      -2.040816307067871,
      0,
      0,
      -1,
      0
    ]
  },
  "navier2": {
    "diffusion": 0.10000000149011612,
    "multiColor": 1,
    "velScale": 63.73625946044922,
    "smokeEnable": 0,
    "ambient": 0,
    "velocityDissipation": 0.9900000095367432,
    "legScale": 2.6955766677856445,
    "smokeBuoyancy": 1,
    "limitVelocity": 200,
    "saturation": 1,
    "smokeWeight": 0.05000000074505806,
    "flameVelocity": [
      -0.8503954410552979,
      0.9448838233947754,
      0
    ],
    "flameRadius": 10,
    "alpha": 1,
    "temperature": 10,
    "dissipation": 0.9999989867210388,
    "border": 1,
    "flameDensity": 1,
    "density": 1,
    "pressDissipation": 0.8999999761581421,
    "flameTemperature": 10,
    "flameEnable": 1,
    "iterations": 40,
    "rainbow": 1,
    "viscosity": 0.10000000149011612,
    "brightness": 1,
    "gravity": [
      0,
      -0.9800000190734863,
      0
    ],
    "tempDissipation": 0.9900000095367432,
    "flamePosition": [
      -0.22047287225723267,
      0.17322897911071777,
      0
    ]
  },
  "navier1": {
    "diffusion": 0.10000000149011612,
    "multiColor": 1,
    "velScale": 40.659339904785156,
    "smokeEnable": 0,
    "ambient": 0,
    "velocityDissipation": 0.9890739917755127,
    "legScale": 2.2132692337036133,