{
  "dateSaved": "Sat Apr 08 17:34:46 PDT 2017",
  "navier6": {},
  "navier5": {},
  "navier4": {},
  "navier3": {
    "diffusion": 0.10000000149011612,
    "multiColor": 1,
    "velScale": 100,
    "smokeEnable": 0,
    "ambient": 37.22527313232422,
    "velocityDissipation": 0.9900000095367432,
    "legScale": 1.1390382051467896,
    "smokeBuoyancy": 0.3681318163871765,
    "limitVelocity": 200,
    "saturation": 1,
    "smokeWeight": 0.05000000074505806,
    "flameVelocity": [
      -1.9073486328125E-6,
      0.2834663391113281,
      0
    ],
    "flameRadius": 10,
    "alpha": 1,
    "temperature": 10,
    "dissipation": 0.9748175144195557,
    "border": 1,
    "flameDensity": 1,
    "density": 1,
    "pressDissipation": 0.8999999761581421,
    "flameTemperature": 10,
    "flameEnable": 1,
    "iterations": 40,
    "rainbow": 1,
    "viscosity": 1.0E8,
    "brightness": 1,
    "gravity": [
      1.779527187347412,
      0.8818907737731934,
      0
    ],
    "tempDissipation": 0.9900000095367432,
    "flamePosition": [
      -1,
      0.9055124521255493,
      0
    ]
  },
  "navier7": {},
  "proj2": {
    "camview": [
      0.042986493557691574,
      -0.9990372061729431,
      0.00876624695956707,
      0.1666460633277893,
      0.9947261214256287,
      0.0419798381626606,
      -0.09358253329992294,
      5.85032320022583,
      0.09312441945075989,
      0.012742799706757069,
      0.9955729246139526,
      2.2397878170013428,
      0,
      0,
      0,
      1
    ],
    "pos": [
      -6.035211563110352,
      -0.10765115171670914,
      1.683844804763794
    ],
    "s2w": [
      1.7837551422417164E-4,
      -0.006245626602321863,
      0,
      -0.1730634570121765,
      -0.004981629084795713,
      -6.374777876771986E-5,
      0,
      4.891244888305664,
      0,
      0,
      1,
      0,
      2.4628052415209822E-5,
      2.629124210216105E-4,
      0,
      1
    ],
    "w2s": [
      43.364723205566406,
      -199.2023468017578,
      0,
      981.852294921875,
      -163.923828125,
      -5.867923259735107,
      0,
      0.33222681283950806,
      0,
      0,
      0,
      0.5,
      0.042029622942209244,
      0.0064487154595553875,
      0,
      1
    ],
    "projection": [
      0.5062500238418579,
      0,
      0,
      0,
      0,
      -0.8999999761581421,
      1.364464282989502,
      0,
      0,
      0,
      -1.040816307067871,
      -2.040816307067871,
      0,
      0,
      -1,
      0
    ]
  },
  "video": {
    "miny": 0.1704540252685547,
    "minx": -4.615384101867676,
    "maxy": 3.75,
    "maxx": -0.9890108108520508
  },
  "proj1": {
    "camview": [
      -0.003618068527430296,
      0.9995976686477661,
      -0.028132399544119835,
      -0.03975798562169075,
      -0.9986633658409119,
      -0.005062351003289223,
      -0.05143825709819794,
      -0.20058365166187286,
      -0.05155997723340988,
      0.0279086884111166,
      0.998279869556427,
      1.962645411491394,
      0,
      0,
      0,
      1
    ],
    "pos": [
      -0.0992654338479042,
      -0.01604829542338848,
      1.9707056283950806
    ],
    "s2w": [
      -1.3065664461464621E-5,
      0.004415589384734631,
      0,
      -5.831000328063965,
      0.004327270667999983,
      2.562489862611983E-5,
      0,
      -4.152121067047119,
      0,
      0,
      1,
      0,
      -6.30072972853668E-5,
      1.152046097558923E-4,
      0,
      1
    ],
    "w2s": [
      -26.375024795532227,
      266.2447509765625,
      0,
      951.6875610351562,
      212.77487182617188,
      19.911317825317383,
      0,
      1323.364501953125,
      0,
      0,
      0,
      0.5,
      -0.02617446519434452,
      0.01448148488998413,
      0,
      1
    ],
    "projection": [
      0.5062500238418579,
      0,
      0,
      0,
      0,
      -0.8999999761581421,
      1.364464282989502,
      0,
      0,
      0,
      -1.040816307067871,
      -2.040816307067871,
      0,
      0,
      -1,
      0
    ]
  },
  "navier2": {
    "diffusion": 0.10000000149011612,
    "multiColor": 1,
    "velScale": 63.73625946044922,
    "smokeEnable": 0,
    "ambient": 0,
    "velocityDissipation": 0.9900000095367432,
    "legScale": 2.6955766677856445,
    "smokeBuoyancy": 1,
    "limitVelocity": 200,
    "saturation": 1,
    "smokeWeight": 0.05000000074505806,
    "flameVelocity": [
      -0.8503954410552979,
      0.9448838233947754,
      0
    ],
    "flameRadius": 10,
    "alpha": 1,
    "temperature": 10,
    "dissipation": 0.9999989867210388,
    "border": 1,
    "flameDensity": 1,
    "density": 1,
    "pressDissipation": 0.8999999761581421,
    "flameTemperature": 10,
    "flameEnable": 1,
    "iterations": 40,
    "rainbow": 1,
    "viscosity": 0.10000000149011612,
    "brightness": 1,
    "gravity": [
      0,
      -0.9800000190734863,
      0
    ],
    "tempDissipation": 0.9900000095367432,
    "flamePosition": [
      -0.22047287225723267,
      0.17322897911071777,
      0
    ]
  },
  "navier1": {
    "diffusion": 0.10000000149011612,
    "multiColor": 1,
    "velScale": 40.659339904785156,
    "smokeEnable": 0,
    "ambient": 0,
    "velocityDissipation": 0.9890739917755127,
    "legScale": 2.2132692337036133,
    "smokeBuoyancy": 1,
    "limitVelocity": 200,
    "saturation": 0.8351648449897766,
    "smokeWeight": 0.05000000074505806,
    "flameVelocity": [
      0,
      -2,
      0
    ],
    "flameRadius": 10,
    "alpha": 1,
    "temperature": 10,
    "dissipation": 0.9999989867210388,
    "border": 1,
    "flameDensity": 1,
    "density": 1,
    "pressDissipation": 0.8999999761581421,
    "flameTemperature": 10,
    "flameEnable": 0,
    "iterations": 63,
    "rainbow": 1,
    "viscosity": 0.10000000149011612,
    "brightness": 1,
    "gravity": [
      -1.2598425149917603,
      0.2519686222076416,
      0
    ],
    "tempDissipation": 0.9900000095367432,
    "flamePosition": [
      0,
      0.699999988079071,
      0
    ]
  },
  "navier0": {}
}