{
  "dateSaved": "Sun Jun 25 16:44:56 PDT 2017",
  "navier6": {},
  "navier5": {},
  "navier4": {},
  "navier3": {
    "diffusion": 0.10000000149011612,
    "multiColor": 1,
    "velScale": 100,
    "smokeEnable": 0,
    "ambient": 37.22527313232422,
    "velocityDissipation": 0.9900000095367432,
    "legScale": 1.1390382051467896,
    "smokeBuoyancy": 0.3681318163871765,
    "limitVelocity": 200,
    "saturation": 1,
    "smokeWeight": 0.05000000074505806,
    "flameVelocity": [
      -1.9073486328125E-6,
      0.2834663391113281,
      0
    ],
    "flameRadius": 10,
    "alpha": 1,
    "temperature": 10,
    "dissipation": 0.9748175144195557,
    "border": 1,
    "flameDensity": 1,
    "density": 1,
    "pressDissipation": 0.8999999761581421,
    "flameTemperature": 10,
    "flameEnable": 1,
    "iterations": 40,
    "rainbow": 1,
    "viscosity": 1.0E8,
    "brightness": 1,
    "gravity": [
      1.779527187347412,
      0.8818907737731934,
      0
    ],
    "tempDissipation": 0.9900000095367432,
    "flamePosition": [
      -1,
      0.9055124521255493,
      0
    ]
  },
  "navier7": {},
  "proj4": {
    "camview": [
      0.011846734210848808,
      -0.9998676776885986,
      -0.011148174293339252,
      -0.16035623848438263,
      0.9999227523803711,
      0.011803995817899704,
      0.0038916950579732656,
      5.119070053100586,
      -0.0037595871835947037,
      -0.011193417012691498,
      0.9999302625656128,
      1.8706637620925903,
      0,
      0,
      0,
      1
    ],
    "pos": [
      -5.109742164611816,
      -0.1998213678598404,
      1.8922429084777832
    ],
    "s2w": [
      1.3658143870998174E-4,
      -0.003669801400974393,
      0,
      -0.35475003719329834,
      -0.0037762001156806946,
      -7.372583786491305E-5,
      0,
      3.4821789264678955,
      0,
      0,
      1,
      0,
      -2.222364128101617E-5,
      -7.757987077638973E-6,
      0,
      1
    ],
    "w2s": [
      3.368274450302124,
      -264.8226318359375,
      0,
      923.354736328125,
      -266.7162170410156,
      -9.28020191192627,
      0,
      -62.30226135253906,
      0,
      0,
      0,
      0.5,
      -0.0019943255465477705,
      -0.005957318935543299,
      0,
      1
    ],
    "projection": [
      0.5062500238418579,
      0,
      0,
      0,
      0,
      -0.8999999761581421,
      1.364464282989502,
      0,
      0,
      0,
      -1.040816307067871,
      -2.040816307067871,
      0,
      0,
      -1,
      0
    ]
  },
  "proj3": {
    "camview": [
      -0.9998490810394287,
      0.011902464553713799,
      -0.012653053738176823,
      -0.4312726855278015,
      -0.01191863976418972,
      -0.9999282360076904,
      0.0012037403648719192,
      4.321173667907715,
      -0.012637818232178688,
      0.0013543658424168825,
      0.9999192357063293,
      1.7772103548049927,
      0,
      0,
      0,
      1
    ],
    "pos": [
      -0.3572450280189514,
      4.32358980178833,
      1.7877253293991089
    ],
    "s2w": [
      -0.0035617160610854626,
      -1.3030635273025837E-5,
      0,
      3.0158162117004395,
      -4.3982407078146935E-5,
      0.0036178291775286198,
      0,
      -0.3268267512321472,
      0,
      0,
      1,
      0,
      -2.5324119633296505E-5,
      -2.4091739305731608E-6,
      0,
      1
    ],
    "w2s": [
      -280.68994140625,
      -0.44737663865089417,
      0,
      846.3630981445312,
      -4.055407524108887,
      270.4698791503906,
      0,
      100.62715148925781,
      0,
      0,
      0,
      0.5,
      -0.007117995526641607,
      6.402795552276075E-4,
      0,
      1
    ],
    "projection": [
      0.5062500238418579,
      0,
      0,
      0,
      0,
      -0.8999999761581421,
      1.364464282989502,
      0,
      0,
      0,
      -1.040816307067871,
      -2.040816307067871,
      0,
      0,
      -1,
      0
    ]
  },
  "proj2": {
    "camview": [
      -0.02663647197186947,
      0.9996450543403625,
      5.210970994085073E-4,
      0.09501591324806213,
      -0.9995332956314087,
      -0.02662568911910057,
      -0.01497497409582138,
      4.758893013000488,
      -0.014955784194171429,
      -9.197343606501818E-4,
      0.9998877048492432,
      2.1840386390686035,
      0,
      0,
      0,
      1
    ],
    "pos": [
      4.791867256164551,
      0.033735353499650955,
      2.1125786304473877
    ],
    "s2w": [
      -1.6960881475824863E-4,
      0.003972181119024754,
      0,
      -0.4681818187236786,
      0.0038909565191715956,
      3.2763102353783324E-5,
      0,
      -4.027843952178955,
      0,
      0,
      1,
      0,
      1.1174319070050842E-6,
      3.211272996850312E-5,
      0,
      1
    ],
    "w2s": [
      -10.48487663269043,
      257.8862609863281,
      0,
      1033.8167724609375,
      251.9514923095703,
      10.936169624328613,
      0,
      162.00828552246094,
      0,
      0,
      0,
      0.5,
      -0.008079133927822113,
      -6.393605726771057E-4,
      0,
      1
    ],
    "projection": [
      0.5062500238418579,
      0,
      0,
      0,
      0,
      -0.8999999761581421,
      1.364464282989502,
      0,
      0,
      0,
      -1.040816307067871,
      -2.040816307067871,
      0,
      0,
      -1,
      0
    ]
  },
  "video": {
    "miny": -3.579547882080078,
    "minx": -4.120874404907227,
    "maxy": 3.238636016845703,
    "maxx": 3.2967090606689453
  },
  "proj1": {
    "camview": [
      0.9999868869781494,
      0.004772466607391834,
      -0.0018492599483579397,
      0.4264855682849884,
      -0.004790206905454397,
      0.9999414086341858,
      -0.009710373356938362,
      4.835325241088867,
      0.0018028091872110963,
      0.009719104506075382,
      0.9999511241912842,
      1.8878692388534546,
      0,
      0,
      0,
      1
    ],
    "pos": [
      -0.4067212641239166,
      -4.8554253578186035,
      1.8400354385375977
    ],
    "s2w": [
      0.003866772400215268,
      2.903443055402022E-5,
      0,
      -4.143853664398193,
      1.3590906746685505E-5,
      -0.004015131387859583,
      0,
      0.14281074702739716,
      0,
      0,
      1,
      0,
      -3.890358584612841E-6,
      2.0427691197255626E-5,
      0,
      1
    ],
    "w2s": [
      258.7949523925781,
      7.322158336639404,
      0,
      1071.36279296875,
      0.9111488461494446,
      -248.01318359375,
      0,
      39.19461441040039,
      0,
      0,
      0,
      0.5,
      9.881925070658326E-4,
      0.005094822496175766,
      0,
      1
    ],
    "projection": [
      0.5062500238418579,
      0,
      0,
      0,
      0,
      -0.8999999761581421,
      1.364464282989502,
      0,
      0,
      0,
      -1.040816307067871,
      -2.040816307067871,
      0,
      0,
      -1,
      0
    ]
  },
  "navier2": {
    "diffusion": 0.10000000149011612,
    "multiColor": 1,
    "velScale": 63.73625946044922,
    "smokeEnable": 0,
    "ambient": 0,
    "velocityDissipation": 0.9900000095367432,
    "legScale": 2.6955766677856445,
    "smokeBuoyancy": 1,
    "limitVelocity": 200,
    "saturation": 1,
    "smokeWeight": 0.05000000074505806,
    "flameVelocity": [
      -0.8503954410552979,
      0.9448838233947754,
      0
    ],
    "flameRadius": 10,
    "alpha": 1,
    "temperature": 10,
    "dissipation": 0.9999989867210388,
    "border": 1,
    "flameDensity": 1,
    "density": 1,
    "pressDissipation": 0.8999999761581421,
    "flameTemperature": 10,
    "flameEnable": 1,
    "iterations": 40,
    "rainbow": 1,
    "viscosity": 0.10000000149011612,
    "brightness": 1,
    "gravity": [
      0,
      -0.9800000190734863,
      0
    ],
    "tempDissipation": 0.9900000095367432,
    "flamePosition": [
      -0.22047287225723267,
      0.17322897911071777,
      0
    ]
  },
  "navier1": {
    "diffusion": 0.10000000149011612,
    "multiColor": 1,
    "velScale": 40.659339904785156,
    "smokeEnable": 0,
    "ambient": 0,
    "velocityDissipation": 0.9890739917755127,