{
  "dateSaved": "Sat Aug 26 01:41:48 PDT 2017",
  "navier6": {},
  "navier5": {},
  "navier4": {},
  "navier3": {
    "diffusion": 0.10000000149011612,
    "multiColor": 1,
    "velScale": 100,
    "smokeEnable": 0,
    "ambient": 37.22527313232422,
    "velocityDissipation": 0.9900000095367432,
    "legScale": 1.1390382051467896,
    "smokeBuoyancy": 0.3681318163871765,
    "limitVelocity": 200,
    "saturation": 1,
    "smokeWeight": 0.05000000074505806,
    "flameVelocity": [
      -1.9073486328125E-6,
      0.2834663391113281,
      0
    ],
    "flameRadius": 10,
    "alpha": 1,
    "temperature": 10,
    "dissipation": 0.9748175144195557,
    "border": 1,
    "flameDensity": 1,
    "density": 1,
    "pressDissipation": 0.8999999761581421,
    "flameTemperature": 10,
    "flameEnable": 1,
    "iterations": 40,
    "rainbow": 1,
    "viscosity": 1.0E8,
    "brightness": 1,
    "gravity": [
      1.779527187347412,
      0.8818907737731934,
      0
    ],
    "tempDissipation": 0.9900000095367432,
    "flamePosition": [
      -1,
      0.9055124521255493,
      0
    ]
  },
  "navier7": {},
  "proj4": {
    "camview": [
      0.01639978028833866,
      -0.999862551689148,
      0.0024454372469335794,
      -0.04575502127408981,
      0.9997988343238831,
      0.016370389610528946,
      -0.011590047739446163,
      4.421333312988281,
      0.01154842134565115,
      0.002635019598528743,
      0.9999298453330994,
      1.8351585865020752,
      0,
      0,
      0,
      1
    ],
    "pos": [
      -4.440886974334717,
      -0.12296336144208908,
      1.7836744785308838
    ],
    "s2w": [
      6.888989446451887E-5,
      -0.003940518479794264,
      0,
      0.35991814732551575,
      -0.0038433189038187265,
      3.993096470367163E-6,
      0,
      3.6213366985321045,
      0,
      0,
      1,
      0,
      5.216138561081607E-6,
      2.472179949108977E-5,
      0,
      1
    ],
    "w2s": [
      5.647823333740234,
      -260.7840270996094,
      0,
      942.3540649414062,
      -255.02560424804688,
      -4.424905300140381,
      0,
      107.81240844726562,
      0,
      0,
      0,
      0.5,
      0.006275231949985027,
      0.0014696773141622543,
      0,
      1
    ],
    "projection": [
      0.5062500238418579,
      0,
      0,
      0,
      0,
      -0.8999999761581421,
      1.364464282989502,
      0,
      0,
      0,
      -1.040816307067871,
      -2.040816307067871,
      0,
      0,
      -1,
      0
    ]
  },
  "proj3": {
    "camview": [
      -0.9980758428573608,
      -0.06200503930449486,
      -1.169203622808368E-15,
      105008.5,
      -0.0011236569844186306,
      0.018087157979607582,
      -0.9998357892036438,
      0.031118663027882576,
      0.06199485436081886,
      -0.9979119300842285,
      -0.018122026696801186,
      -1.7168914079666138,
      0,
      0,
      0,
      1
    ],
    "pos": [
      104806.5546875,
      6509.341796875,
      -1.0266903993638721E-10
    ],
    "s2w": [
      0.00365612399764359,
      2.426633145660162E-4,
      0,
      -3.4012460708618164,
      2.574507670942694E-4,
      -0.0036155106499791145,
      0,
      -0.20534761250019073,
      0,
      0,
      1,
      0,
      -1.760447230481077E-5,
      6.969783044041833E-6,
      0,
      1
    ],
    "w2s": [
      272.1193542480469,
      20.05607032775879,
      0,
      929.663330078125,
      19.112369537353516,
      -270.77667236328125,
      0,
      9.402527809143066,
      0,
      0,
      0,
      0.5,
      0.00465730857104063,
      0.002240331145003438,
      0,
      1
    ],
    "projection": [
      0.5062500238418579,
      0,
      0,
      0,
      0,
      -0.8999999761581421,
      1.364464282989502,
      0,
      0,
      0,
      -1.040816307067871,
      -2.040816307067871,
      0,
      0,
      -1,
      0
    ]
  },
  "proj2": {
    "camview": [
      -0.013781660236418247,
      0.9998371005058289,
      -0.011654485017061234,
      -0.043996382504701614,
      -0.9998819231987,
      -0.013859638012945652,
      -0.006636760197579861,
      4.98027229309082,
      -0.006797206122428179,
      0.011561643332242966,
      0.9999100565910339,
      1.8358464241027832,
      0,
      0,
      0,
      1
    ],
    "pos": [
      4.991556644439697,
      0.09178858250379562,
      1.8031412363052368
    ],
    "s2w": [
      -1.6203672566916794E-4,
      0.0037228267174214125,
      0,
      0.31495192646980286,
      0.0036890350747853518,
      7.271931826835498E-5,
      0,
      -3.502044677734375,
      0,
      0,
      1,
      0,
      -2.3849321223679E-5,
      1.358151166641619E-5,
      0,
      1
    ],
    "w2s": [
      -8.750722885131836,
      270.530029296875,
      0,
      950.1642456054688,
      262.3065185546875,
      11.241950035095215,
      0,
      -43.244136810302734,
      0,
      0,
      0,
      0.5,
      -0.003771218005567789,
      0.0062992749735713005,
      0,
      1
    ],
    "projection": [
      0.5062500238418579,
      0,
      0,
      0,
      0,
      -0.8999999761581421,
      1.364464282989502,
      0,
      0,
      0,
      -1.040816307067871,
      -2.040816307067871,
      0,
      0,
      -1,
      0
    ]
  },
  "video": {
    "miny": -3.5227274894714355,
    "minx": -2.472527027130127,
    "maxy": 3.409090042114258,
    "maxx": 4.120879173278809
  },
  "proj1": {
    "camview": [
      -0.9994667172431946,
      -0.030240481719374657,
      -0.012320725247263908,
      0.24138151109218597,
      0.03028522990643978,
      -0.999535322189331,
      -0.003461614716798067,
      4.757265567779541,
      -0.012210318818688393,
      -0.0038329048547893763,
      0.9999181032180786,
      1.83820641040802,
      0,
      0,
      0,
      1
    ],
    "pos": [
      0.11962298303842545,
      4.769400119781494,
      1.8186140060424805
    ],
    "s2w": [
      -0.003685133298859,
      -1.1062808334827423E-4,
      0,
      3.775505304336548,
      -2.3119835532270372E-4,
      0.0037180783692747355,
      0,
      0.1656365990638733,
      0,
      0,
      1,
      0,
      -2.497215973562561E-5,
      7.01602266417467E-6,
      0,
      1
    ],
    "w2s": [
      -270.7703552246094,
      -9.988723754882812,
      0,
      1023.9493408203125,
      -16.54104232788086,
      261.5867004394531,
      0,
      19.122459411621094,
      0,
      0,
      0,
      0.5,
      -0.00664566783234477,
      -0.002084738342091441,
      0,
      1
    ],
    "projection": [
      0.5062500238418579,
      0,
      0,
      0,
      0,
      -0.8999999761581421,
      1.364464282989502,
      0,
      0,
      0,
      -1.040816307067871,
      -2.040816307067871,
      0,
      0,
      -1,
      0
    ]
  },
  "navier2": {
    "diffusion": 0.10000000149011612,
    "multiColor": 1,
    "velScale": 63.73625946044922,
    "smokeEnable": 0,
    "ambient": 0,
    "velocityDissipation": 0.9900000095367432,
    "legScale": 2.6955766677856445,
    "smokeBuoyancy": 1,
    "limitVelocity": 200,
    "saturation": 1,
    "smokeWeight": 0.05000000074505806,
    "flameVelocity": [
      -0.8503954410552979,
      0.9448838233947754,
      0
    ],
    "flameRadius": 10,
    "alpha": 1,
    "temperature": 10,
    "dissipation": 0.9999989867210388,
    "border": 1,
    "flameDensity": 1,
    "density": 1,
    "pressDissipation": 0.8999999761581421,
    "flameTemperature": 10,
    "flameEnable": 1,
    "iterations": 40,
    "rainbow": 1,
    "viscosity": 0.10000000149011612,
    "brightness": 1,
    "gravity": [
      0,
      -0.9800000190734863,
      0
    ],
    "tempDissipation": 0.9900000095367432,
    "flamePosition": [
      -0.22047287225723267,
      0.17322897911071777,
      0
    ]
  },
  "navier1": {
    "diffusion": 0.10000000149011612,
    "multiColor": 1,
    "velScale": 40.659339904785156,
    "smokeEnable": 0,
    "ambient": 0,
    "velocityDissipation": 0.9890739917755127,
    "legScale": 2.2132692337036133,
    "smokeBuoyancy": 1,