{
  "dateSaved": "Tue Aug 15 01:21:21 PDT 2017",
  "navier6": {},
  "navier5": {},
  "navier4": {},
  "navier3": {
    "diffusion": 0.10000000149011612,
    "multiColor": 1,
    "velScale": 100,
    "smokeEnable": 0,
    "ambient": 37.22527313232422,
    "velocityDissipation": 0.9900000095367432,
    "legScale": 1.1390382051467896,
    "smokeBuoyancy": 0.3681318163871765,
    "limitVelocity": 200,
    "saturation": 1,
    "smokeWeight": 0.05000000074505806,
    "flameVelocity": [
      -1.9073486328125E-6,
      0.2834663391113281,
      0
    ],
    "flameRadius": 10,
    "alpha": 1,
    "temperature": 10,
    "dissipation": 0.9748175144195557,
    "border": 1,
    "flameDensity": 1,
    "density": 1,
    "pressDissipation": 0.8999999761581421,
    "flameTemperature": 10,
    "flameEnable": 1,
    "iterations": 40,
    "rainbow": 1,
    "viscosity": 1.0E8,
    "brightness": 1,
    "gravity": [
      1.779527187347412,
      0.8818907737731934,
      0
    ],
    "tempDissipation": 0.9900000095367432,
    "flamePosition": [
      -1,
      0.9055124521255493,
      0
    ]
  },
  "navier7": {},
  "proj4": {
    "camview": [
      0.08194665610790253,
      0.9958893060684204,
      0.03859012573957443,
      -0.1320800483226776,
      -0.9965341687202454,
      0.08132127672433853,
      0.01750839501619339,
      2.9198873043060303,
      0.01429822575300932,
      -0.039891134947538376,
      0.9991016983985901,
      1.7494341135025024,
      0,
      0,
      0,
      1
    ],
    "pos": [
      2.8955771923065186,
      -0.03612493723630905,
      1.7938882112503052
    ],
    "s2w": [
      5.221247556619346E-4,
      0.0036759041249752045,
      0,
      -2.1907265186309814,
      0.003897523507475853,
      -3.6438569077290595E-4,
      0,
      -3.4330928325653076,
      0,
      0,
      1,
      0,
      8.19546403363347E-5,
      -3.718291554832831E-5,
      0,
      1
    ],
    "w2s": [
      33.89351272583008,
      247.59954833984375,
      0,
      924.2836303710938,
      287.8576965332031,
      -48.333431243896484,
      0,
      464.6843566894531,
      0,
      0,
      0,
      0.5,
      0.007925658486783504,
      -0.02208911068737507,
      0,
      1
    ],
    "projection": [
      0.5062500238418579,
      0,
      0,
      0,
      0,
      -0.8999999761581421,
      1.364464282989502,
      0,
      0,
      0,
      -1.040816307067871,
      -2.040816307067871,
      0,
      0,
      -1,
      0
    ]
  },
  "proj3": {
    "camview": [
      -0.9988804459571838,
      0.035043127834796906,
      -0.03177772834897041,
      0.19795191287994385,
      -0.034640420228242874,
      -0.9993135333061218,
      -0.013135993853211403,
      3.564366579055786,
      -0.03221623972058296,
      -0.012020493857562542,
      0.9994086623191833,
      1.796458125114441,
      0,
      0,
      0,
      1
    ],
    "pos": [
      0.3790765702724457,
      3.5765771865844727,
      1.742283821105957
    ],
    "s2w": [
      -0.003493483643978834,
      6.359499093377963E-5,
      0,
      3.5334665775299072,
      -4.177752634859644E-5,
      0.00362643925473094,
      0,
      -1.1013665199279785,
      0,
      0,
      1,
      0,
      -6.362579006236047E-5,
      2.6301064281142317E-5,
      0,
      1
    ],
    "w2s": [
      -288.5942077636719,
      -2.3163084983825684,
      0,
      1017.1868896484375,
      -8.830779075622559,
      258.0609436035156,
      0,
      315.4229431152344,
      0,
      0,
      0,
      0.5,
      -0.018129777163267136,
      -0.00693465443328023,
      0,
      1
    ],
    "projection": [
      0.5062500238418579,
      0,
      0,
      0,
      0,
      -0.8999999761581421,
      1.364464282989502,
      0,
      0,
      0,
      -1.040816307067871,
      -2.040816307067871,
      0,
      0,
      -1,
      0
    ]
  },
  "proj2": {
    "camview": [
      -0.011883706785738468,
      -0.9996992349624634,
      0.021451475098729134,
      -0.017735440284013748,
      0.9998888969421387,
      -0.011687438003718853,
      0.009251715615391731,
      3.13586688041687,
      -0.008998219855129719,
      0.021559037268161774,
      0.9997270703315735,
      1.7375255823135376,
      0,
      0,
      0,
      1
    ],
    "pos": [
      -3.1200947761535645,
      -0.01853923127055168,
      1.7656830549240112
    ],
    "s2w": [
      -1.4834644389338791E-4,
      -0.003588434075936675,
      0,
      1.5696086883544922,
      -0.0037693025078624487,
      8.603285095887259E-5,
      0,
      3.560551404953003,
      0,
      0,
      1,
      0,
      4.496346082305536E-5,
      -1.9392091417103074E-5,
      0,
      1
    ],
    "w2s": [
      -11.45456314086914,
      -262.802734375,
      0,
      953.701904296875,
      -290.2353820800781,
      16.170103073120117,
      0,
      397.98150634765625,
      0,
      0,
      0,
      0.5,
      -0.005113234743475914,
      0.012130092829465866,
      0,
      1
    ],
    "projection": [
      0.5062500238418579,
      0,
      0,
      0,
      0,
      -0.8999999761581421,
      1.364464282989502,
      0,
      0,
      0,
      -1.040816307067871,
      -2.040816307067871,
      0,
      0,
      -1,
      0
    ]
  },
  "video": {
    "miny": -1.1931838989257812,
    "minx": -2.3076891899108887,
    "maxy": 2.8977251052856445,
    "maxx": 2.197805404663086
  },
  "proj1": {
    "camview": [
      0.9947298169136047,
      -0.09360619634389877,
      -0.04183924198150635,
      0.0551723949611187,
      0.09179053455591202,
      0.9948322772979736,
      -0.04339674860239029,
      2.7784407138824463,
      0.04568523168563843,
      0.03932759165763855,
      0.9981814622879028,
      1.8714135885238647,
      0,
      0,
      0,
      1
    ],
    "pos": [
      -0.3954121470451355,
      -2.8325161933898926,
      1.745126724243164
    ],
    "s2w": [
      0.003770179580897093,
      -3.441683657001704E-4,
      0,
      -3.4779531955718994,
      -1.427433599019423E-4,
      -0.003968691918998957,
      0,
      2.3375587463378906,
      0,
      0,
      1,
      0,
      -8.90438532223925E-5,
      9.235861216438934E-5,
      0,
      1
    ],
    "w2s": [
      278.7529296875,
      -1.52875816822052,
      0,
      973.0631713867188,
      4.356695652008057,
      -230.51780700683594,
      0,
      554.0012817382812,
      0,
      0,
      0,
      0.5,
      0.02441885508596897,
      0.02115417830646038,
      0,
      1
    ],
    "projection": [
      0.5062500238418579,
      0,
      0,
      0,
      0,
      -0.8999999761581421,
      1.364464282989502,
      0,
      0,
      0,
      -1.040816307067871,
      -2.040816307067871,
      0,
      0,
      -1,
      0
    ]
  },
  "navier2": {
    "diffusion": 0.10000000149011612,
    "multiColor": 1,
    "velScale": 63.73625946044922,
    "smokeEnable": 0,
    "ambient": 0,
    "velocityDissipation": 0.9900000095367432,
    "legScale": 2.6955766677856445,
    "smokeBuoyancy": 1,
    "limitVelocity": 200,
    "saturation": 1,
    "smokeWeight": 0.05000000074505806,
    "flameVelocity": [
      -0.8503954410552979,
      0.9448838233947754,
      0
    ],
    "flameRadius": 10,
    "alpha": 1,
    "temperature": 10,
    "dissipation": 0.9999989867210388,
    "border": 1,
    "flameDensity": 1,
    "density": 1,
    "pressDissipation": 0.8999999761581421,
    "flameTemperature": 10,
    "flameEnable": 1,
    "iterations": 40,
    "rainbow": 1,
    "viscosity": 0.10000000149011612,
    "brightness": 1,
    "gravity": [
      0,
      -0.9800000190734863,
      0
    ],
    "tempDissipation": 0.9900000095367432,
    "flamePosition": [
      -0.22047287225723267,
      0.17322897911071777,
      0
    ]
  },
  "navier1": {
    "diffusion": 0.10000000149011612,
    "multiColor": 1,
    "velScale": 40.659339904785156,
    "smokeEnable": 0,
    "ambient": 0,
    "velocityDissipation": 0.9890739917755127,
    "legScale": 2.2132692337036133,
    "smokeBuoyancy": 1,