{
  "dateSaved": "Sat Sep 02 05:35:28 PDT 2017",
  "navier6": {},
  "navier5": {},
  "navier4": {},
  "navier3": {
    "diffusion": 0.10000000149011612,
    "multiColor": 1,
    "velScale": 100,
    "smokeEnable": 0,
    "ambient": 37.22527313232422,
    "velocityDissipation": 0.9900000095367432,
    "legScale": 1.1390382051467896,
    "smokeBuoyancy": 0.3681318163871765,
    "limitVelocity": 200,
    "saturation": 1,
    "smokeWeight": 0.05000000074505806,
    "flameVelocity": [
      -1.9073486328125E-6,
      0.2834663391113281,
      0
    ],
    "flameRadius": 10,
    "alpha": 1,
    "temperature": 10,
    "dissipation": 0.9748175144195557,
    "border": 1,
    "flameDensity": 1,
    "density": 1,
    "pressDissipation": 0.8999999761581421,
    "flameTemperature": 10,
    "flameEnable": 1,
    "iterations": 40,
    "rainbow": 1,
    "viscosity": 1.0E8,
    "brightness": 1,
    "gravity": [
      1.779527187347412,
      0.8818907737731934,
      0
    ],
    "tempDissipation": 0.9900000095367432,
    "flamePosition": [
      -1,
      0.9055124521255493,
      0
    ]
  },
  "navier7": {},
  "proj4": {
    "camview": [
      1,
      0,
      0,
      0,
      0,
      1,
      0,
      0,
      0,
      0,
      1,
      0,
      0,
      0,
      0,
      1
    ],
    "pos": [
      0,
      0,
      0
    ],
    "s2w": [
      8.405914559261873E-5,
      -0.003847020212560892,
      0,
      0.3120177686214447,
      -0.0037938538007438183,
      2.249812678201124E-5,
      0,
      3.577080249786377,
      0,
      0,
      1,
      0,
      -8.09311677585356E-6,
      3.1695504731033E-5,
      0,
      1
    ],
    "w2s": [
      6.2275309562683105,
      -264.2960510253906,
      0,
      943.4651489257812,
      -257.9913330078125,
      -5.933221817016602,
      0,
      101.72149658203125,
      0,
      0,
      0,
      0.5,
      0.008227566257119179,
      -0.0019509224221110344,
      0,
      1
    ],
    "projection": [
      0.5062500238418579,
      0,
      0,
      0,
      0,
      -0.8999999761581421,
      1.364464282989502,
      0,
      0,
      0,
      -1.040816307067871,
      -2.040816307067871,
      0,
      0,
      -1,
      0
    ]
  },
  "proj3": {
    "camview": [
      1,
      0,
      0,
      0,
      0,
      1,
      0,
      0,
      0,
      0,
      1,
      0,
      0,
      0,
      0,
      1
    ],
    "pos": [
      0,
      0,
      0
    ],
    "s2w": [
      0.0035701978486031294,
      2.551729849074036E-4,
      0,
      -3.3401105403900146,
      2.2253279166761786E-4,
      -0.0035531397443264723,
      0,
      -0.1904887706041336,
      0,
      0,
      1,
      0,
      -3.0490145945805125E-5,
      -7.3089508987322915E-6,
      0,
      1
    ],
    "w2s": [
      278.9575500488281,
      18.10993003845215,
      0,
      935.1988525390625,
      17.00843048095703,
      -272.19464111328125,
      0,
      4.960018157958984,
      0,
      0,
      0,
      0.5,
      0.008629770949482918,
      -0.0014372827718034387,
      0,
      1
    ],
    "projection": [
      0.5062500238418579,
      0,
      0,
      0,
      0,
      -0.8999999761581421,
      1.364464282989502,
      0,
      0,
      0,
      -1.040816307067871,
      -2.040816307067871,
      0,
      0,
      -1,
      0
    ]
  },
  "proj2": {
    "camview": [
      1,
      0,
      0,
      0,
      0,
      1,
      0,
      0,
      0,
      0,
      1,
      0,
      0,
      0,
      0,
      1
    ],
    "pos": [
      0,
      0,
      0
    ],
    "s2w": [
      -1.92192368558608E-4,
      0.0036890755873173475,
      0,
      0.3191816210746765,
      0.0036791495513170958,
      1.424064703314798E-5,
      0,
      -3.484039306640625,
      0,
      0,
      1,
      0,
      -2.5961489882320166E-5,
      -1.1050095963582862E-5,
      0,
      1
    ],
    "w2s": [
      1.7869327068328857,
      272.0069580078125,
      0,
      947.112548828125,
      264.3531188964844,
      13.547001838684082,
      0,
      -37.178367614746094,
      0,
      0,
      0,
      0.5,
      0.0029675187543034554,
      0.007211401592940092,
      0,
      1
    ],
    "projection": [
      0.5062500238418579,
      0,
      0,
      0,
      0,
      -0.8999999761581421,
      1.364464282989502,
      0,
      0,
      0,
      -1.040816307067871,
      -2.040816307067871,
      0,
      0,
      -1,
      0
    ]
  },
  "video": {
    "miny": -3.806818962097168,
    "minx": -3.4065937995910645,
    "maxy": 4.201387405395508,
    "maxx": 4.175824165344238
  },
  "proj1": {
    "camview": [
      1,
      0,
      0,
      0,
      0,
      1,
      0,
      0,
      0,
      0,
      1,
      0,
      0,
      0,
      0,
      1
    ],
    "pos": [
      0,
      0,
      0
    ],
    "s2w": [
      -0.0036550071090459824,
      -1.0078392369905487E-4,
      0,
      3.7122457027435303,
      -2.418861404294148E-4,
      0.003660779446363449,
      0,
      0.2176501303911209,
      0,
      0,
      1,
      0,
      -1.933815838128794E-5,
      -6.632666554651223E-6,
      0,
      1
    ],
    "w2s": [
      -273.2073974609375,
      -5.681788444519043,
      0,
      1015.4496459960938,
      -17.7310791015625,
      267.3135681152344,
      0,
      7.641284942626953,
      0,
      0,
      0,
      0.5,
      -0.005400932393968105,
      0.0016631265170872211,
      0,
      1
    ],
    "projection": [
      0.5062500238418579,
      0,
      0,
      0,
      0,
      -0.8999999761581421,
      1.364464282989502,
      0,
      0,
      0,
      -1.040816307067871,
      -2.040816307067871,
      0,
      0,
      -1,
      0
    ]
  },
  "navier2": {
    "diffusion": 0.10000000149011612,
    "multiColor": 1,
    "velScale": 63.73625946044922,
    "smokeEnable": 0,
    "ambient": 0,
    "velocityDissipation": 0.9900000095367432,
    "legScale": 2.6955766677856445,
    "smokeBuoyancy": 1,
    "limitVelocity": 200,
    "saturation": 1,
    "smokeWeight": 0.05000000074505806,
    "flameVelocity": [
      -0.8503954410552979,
      0.9448838233947754,
      0
    ],
    "flameRadius": 10,
    "alpha": 1,
    "temperature": 10,
    "dissipation": 0.9999989867210388,
    "border": 1,
    "flameDensity": 1,
    "density": 1,
    "pressDissipation": 0.8999999761581421,
    "flameTemperature": 10,
    "flameEnable": 1,
    "iterations": 40,
    "rainbow": 1,
    "viscosity": 0.10000000149011612,
    "brightness": 1,
    "gravity": [
      0,
      -0.9800000190734863,
      0
    ],
    "tempDissipation": 0.9900000095367432,
    "flamePosition": [
      -0.22047287225723267,
      0.17322897911071777,
      0
    ]
  },
  "navier1": {
    "diffusion": 0.10000000149011612,
    "multiColor": 1,
    "velScale": 40.659339904785156,
    "smokeEnable": 0,
    "ambient": 0,
    "velocityDissipation": 0.9890739917755127,
    "legScale": 2.2132692337036133,
    "smokeBuoyancy": 1,
    "limitVelocity": 200,
    "saturation": 0.8351648449897766,
    "smokeWeight": 0.05000000074505806,
    "flameVelocity": [
      0,
      -2,
      0
    ],
    "flameRadius": 10,
    "alpha": 1,
    "temperature": 10,
    "dissipation": 0.9999989867210388,
    "border": 1,
    "flameDensity": 1,
    "density": 1,
    "pressDissipation": 0.8999999761581421,
    "flameTemperature": 10,
    "flameEnable": 0,
    "iterations": 63,
    "rainbow": 1,
    "viscosity": 0.10000000149011612,
    "brightness": 1,
    "gravity": [
      -1.2598425149917603,
      0.2519686222076416,
      0
    ],
    "tempDissipation": 0.9900000095367432,
    "flamePosition": [
      0,
      0.699999988079071,
      0
    ]
  },
  "navier0": {}
}