{
  "dateSaved": "Thu Apr 05 09:26:34 PDT 2018",
  "navier6": {},
  "navier5": {},
  "navier4": {},
  "navier3": {
    "diffusion": 0.10000000149011612,
    "multiColor": 1,
    "velScale": 100,
    "smokeEnable": 0,
    "ambient": 37.22527313232422,
    "velocityDissipation": 0.9900000095367432,
    "legScale": 1.1390382051467896,
    "smokeBuoyancy": 0.3681318163871765,
    "limitVelocity": 200,
    "saturation": 1,
    "smokeWeight": 0.05000000074505806,
    "flameVelocity": [
      -1.9073486328125E-6,
      0.2834663391113281,
      0
    ],
    "flameRadius": 10,
    "alpha": 1,
    "temperature": 10,
    "dissipation": 0.9748175144195557,
    "border": 1,
    "flameDensity": 1,
    "density": 1,
    "pressDissipation": 0.8999999761581421,
    "flameTemperature": 10,
    "flameEnable": 1,
    "iterations": 40,
    "rainbow": 1,
    "viscosity": 1.0E8,
    "brightness": 1,
    "gravity": [
      1.779527187347412,
      0.8818907737731934,
      0
    ],
    "tempDissipation": 0.9900000095367432,
    "flamePosition": [
      -1,
      0.9055124521255493,
      0
    ]
  },
  "navier7": {},
  "proj4": {
    "camview": [
      0.673445999622345,
      -0.7389516830444336,
      -0.020515939220786095,
      0.8271451592445374,
      0.7392252087593079,
      0.67332923412323,
      0.01318636815994978,
      2.560974597930908,
      0.004069892223924398,
      -0.02404620684683323,
      0.9997025728225708,
      1.9245392084121704,
      0,
      0,
      0,
      1
    ],
    "pos": [
      -2.4580070972442627,
      -1.0668808221817017,
      1.9407670497894287
    ],
    "s2w": [
      0.00253281625919044,
      -0.0026809005066752434,
      0,
      -1.2839906215667725,
      -0.002647264627739787,
      -0.0025764768943190575,
      0,
      4.716691017150879,
      0,
      0,
      1,
      0,
      -3.927343277609907E-5,
      -2.524255614844151E-5,
      0,
      1
    ],
    "w2s": [
      180.3899688720703,
      -199.1743621826172,
      0,
      1171.0628662109375,
      -180.72824096679688,
      -182.22320556640625,
      0,
      627.4371948242188,
      0,
      0,
      0,
      0.5,
      0.0025224899873137474,
      -0.012422040104866028,
      0,
      1
    ],
    "projection": [
      0.5062500238418579,
      0,
      0,
      0,
      0,
      -0.8999999761581421,
      1.364464282989502,
      0,
      0,
      0,
      -1.040816307067871,
      -2.040816307067871,
      0,
      0,
      -1,
      0
    ]
  },
  "proj3": {
    "camview": [
      0.19039122760295868,
      -0.9812593460083008,
      -0.029686840251088142,
      1.1543128490447998,
      0.9816177487373352,
      0.1906972974538803,
      -0.007818094454705715,
      3.011021852493286,
      0.01333277765661478,
      -0.02765263244509697,
      0.9995286464691162,
      1.9870483875274658,
      0,
      0,
      0,
      1
    ],
    "pos": [
      -3.2019362449645996,
      0.6134336590766907,
      1.9283034801483154
    ],
    "s2w": [
      8.362078224308789E-4,
      -0.0037552649155259132,
      0,
      0.9652690291404724,
      -0.003733342979103327,
      -8.726516389288008E-4,
      0,
      5.125434398651123,
      0,
      0,
      1,
      0,
      -5.8868827181868255E-5,
      1.5503232134506106E-5,
      0,
      1
    ],
    "w2s": [
      64.55257415771484,
      -255.6190185546875,
      0,
      1247.847900390625,
      -232.66114807128906,
      -60.54697036743164,
      0,
      534.91015625,
      0,
      0,
      0,
      0.5,
      0.007407134398818016,
      -0.014109318144619465,
      0,
      1
    ],
    "projection": [
      0.5062500238418579,
      0,
      0,
      0,
      0,
      -0.8999999761581421,
      1.364464282989502,
      0,
      0,
      0,
      -1.040816307067871,
      -2.040816307067871,
      0,
      0,
      -1,
      0
    ]
  },
  "proj2": {
    "camview": [
      -0.1528002917766571,
      -0.9881591796875,
      -0.013908756896853447,
      1.264147400856018,
      0.988250732421875,
      -0.15273362398147583,
      -0.005742005538195372,
      2.6605799198150635,
      0.0035496805794537067,
      -0.014622719027101994,
      0.9998868107795715,
      1.962226152420044,
      0,
      0,
      0,
      1
    ],
    "pos": [
      -2.4431231021881104,
      1.6842319965362549,
      1.9291441440582275
    ],
    "s2w": [
      -5.844206898473203E-4,
      -0.0038364247884601355,
      0,
      3.0932421684265137,
      -0.003883439116179943,
      4.2927885078825057E-4,
      0,
      4.689900875091553,
      0,
      0,
      1,
      0,
      -2.8271762857912108E-5,
      1.1671562788251322E-5,
      0,
      1
    ],
    "w2s": [
      -24.723114013671875,
      -255.6224822998047,
      0,
      1275.3187255859375,
      -247.59046936035156,
      32.80454635620117,
      0,
      612.0072021484375,
      0,
      0,
      0,
      0.5,
      0.0021908015478402376,
      -0.007609779015183449,
      0,
      1
    ],
    "projection": [
      0.5062500238418579,
      0,
      0,
      0,
      0,
      -0.8999999761581421,
      1.364464282989502,
      0,
      0,
      0,
      -1.040816307067871,
      -2.040816307067871,
      0,
      0,
      -1,
      0
    ]
  },
  "video": {
    "miny": -1.0227289199829102,
    "minx": -1.7032966613769531,
    "maxy": 3.5795440673828125,
    "maxx": 1.7033004760742188
  },
  "proj1": {
    "camview": [
      -0.9997435212135315,
      -0.016323532909154892,
      -0.015696996822953224,
      0.31822848320007324,
      0.017025073990225792,
      -0.9988124370574951,
      -0.045649509876966476,
      4.771947860717773,
      -0.01493319496512413,
      -0.04590504616498947,
      0.9988341927528381,
      1.925250768661499,
      0,
      0,
      0,
      1
    ],
    "pos": [
      0.26565423607826233,
      4.859854221343994,
      1.7001739740371704
    ],
    "s2w": [
      -0.003911251667886972,
      -7.974031177582219E-5,
      0,
      4.083909034729004,
      -2.041123661911115E-4,
      0.004102465230971575,
      0,
      0.040329884737730026,
      0,
      0,
      1,
      0,
      -3.549616303644143E-5,
      1.0322895832359791E-4,
      0,
      1
    ],
    "w2s": [
      -255.1543426513672,
      -31.211332321166992,
      0,
      1043.285888671875,
      -12.618614196777344,
      234.48367309570312,
      0,
      42.07657241821289,
      0,
      0,
      0,
      0.5,
      -0.007754393853247166,
      -0.02531338855624199,
      0,
      1
    ],
    "projection": [
      0.5062500238418579,
      0,
      0,
      0,
      0,
      -0.8999999761581421,
      1.364464282989502,
      0,
      0,
      0,
      -1.040816307067871,
      -2.040816307067871,
      0,
      0,
      -1,
      0
    ]
  },
  "navier2": {
    "diffusion": 0.10000000149011612,
    "multiColor": 1,
    "velScale": 63.73625946044922,
    "smokeEnable": 0,
    "ambient": 0,
    "velocityDissipation": 0.9900000095367432,
    "legScale": 2.6955766677856445,
    "smokeBuoyancy": 1,
    "limitVelocity": 200,
    "saturation": 1,
    "smokeWeight": 0.05000000074505806,
    "flameVelocity": [
      -0.8503954410552979,
      0.9448838233947754,
      0
    ],
    "flameRadius": 10,
    "alpha": 1,
    "temperature": 10,
    "dissipation": 0.9999989867210388,
    "border": 1,
    "flameDensity": 1,
    "density": 1,
    "pressDissipation": 0.8999999761581421,
    "flameTemperature": 10,
    "flameEnable": 1,
    "iterations": 40,
    "rainbow": 1,
    "viscosity": 0.10000000149011612,
    "brightness": 1,
    "gravity": [
      0,
      -0.9800000190734863,
      0
    ],
    "tempDissipation": 0.9900000095367432,
    "flamePosition": [
      -0.22047287225723267,
      0.17322897911071777,
      0
    ]
  },
  "navier1": {
    "diffusion": 0.10000000149011612,
    "multiColor": 1,
    "velScale": 40.659339904785156,
    "smokeEnable": 0,
    "ambient": 0,
    "velocityDissipation": 0.9890739917755127,
    "legScale": 2.2132692337036133,