{
  "dateSaved": "Mon Aug 14 23:49:36 PDT 2017",
  "navier6": {},
  "navier5": {},
  "navier4": {},
  "navier3": {
    "diffusion": 0.10000000149011612,
    "multiColor": 1,
    "velScale": 100,
    "smokeEnable": 0,
    "ambient": 37.22527313232422,
    "velocityDissipation": 0.9900000095367432,
    "legScale": 1.1390382051467896,
    "smokeBuoyancy": 0.3681318163871765,
    "limitVelocity": 200,
    "saturation": 1,
    "smokeWeight": 0.05000000074505806,
    "flameVelocity": [
      -1.9073486328125E-6,
      0.2834663391113281,
      0
    ],
    "flameRadius": 10,
    "alpha": 1,
    "temperature": 10,
    "dissipation": 0.9748175144195557,
    "border": 1,
    "flameDensity": 1,
    "density": 1,
    "pressDissipation": 0.8999999761581421,
    "flameTemperature": 10,
    "flameEnable": 1,
    "iterations": 40,
    "rainbow": 1,
    "viscosity": 1.0E8,
    "brightness": 1,
    "gravity": [
      1.779527187347412,
      0.8818907737731934,
      0
    ],
    "tempDissipation": 0.9900000095367432,
    "flamePosition": [
      -1,
      0.9055124521255493,
      0
    ]
  },
  "navier7": {},
  "proj4": {
    "camview": [
      1,
      0,
      0,
      0,
      0,
      1,
      0,
      0,
      0,
      0,
      1,
      0,
      0,
      0,
      0,
      1
    ],
    "pos": [
      0,
      0,
      0
    ],
    "s2w": [
      5.910255131311715E-4,
      0.0037368624471127987,
      0,
      -2.2832894325256348,
      0.003833870403468609,
      -4.3142371578142047E-4,
      0,
      -3.3406052589416504,
      0,
      0,
      1,
      0,
      7.415094296447933E-5,
      -3.079595262533985E-5,
      0,
      1
    ],
    "w2s": [
      36.64205551147461,
      251.44970703125,
      0,
      923.6586303710938,
      279.9124450683594,
      -52.143253326416016,
      0,
      464.9311218261719,
      0,
      0,
      0,
      0.5,
      0.0059031276032328606,
      -0.020251033827662468,
      0,
      1
    ],
    "projection": [
      0.5062500238418579,
      0,
      0,
      0,
      0,
      -0.8999999761581421,
      1.364464282989502,
      0,
      0,
      0,
      -1.040816307067871,
      -2.040816307067871,
      0,
      0,
      -1,
      0
    ]
  },
  "proj3": {
    "camview": [
      1,
      0,
      0,
      0,
      0,
      1,
      0,
      0,
      0,
      0,
      1,
      0,
      0,
      0,
      0,
      1
    ],
    "pos": [
      0,
      0,
      0
    ],
    "s2w": [
      -0.0036428445018827915,
      1.426418893970549E-4,
      0,
      3.634669780731201,
      4.339421502663754E-5,
      0.0035642865113914013,
      0,
      -1.149828314781189,
      0,
      0,
      1,
      0,
      -3.33063981088344E-5,
      -5.605324531643419E-6,
      0,
      1
    ],
    "w2s": [
      -273.8837890625,
      12.548978805541992,
      0,
      1009.9063720703125,
      0.39241304993629456,
      271.1083068847656,
      0,
      310.3017272949219,
      0,
      0,
      0,
      0.5,
      -0.009119883179664612,
      0.0019376113777980208,
      0,
      1
    ],
    "projection": [
      0.5062500238418579,
      0,
      0,
      0,
      0,
      -0.8999999761581421,
      1.364464282989502,
      0,
      0,
      0,
      -1.040816307067871,
      -2.040816307067871,
      0,
      0,
      -1,
      0
    ]
  },
  "proj2": {
    "camview": [
      1,
      0,
      0,
      0,
      0,
      1,
      0,
      0,
      0,
      0,
      1,
      0,
      0,
      0,
      0,
      1
    ],
    "pos": [
      0,
      0,
      0
    ],
    "s2w": [
      -2.308319235453382E-4,
      -0.0037604181561619043,
      0,
      1.6956385374069214,
      -0.003773517208173871,
      1.2692697055172175E-4,
      0,
      3.573953866958618,
      0,
      0,
      1,
      0,
      8.134112431434914E-5,
      1.7228830984095111E-6,
      0,
      1
    ],
    "w2s": [
      -8.49334716796875,
      -264.6641540527344,
      0,
      960.2991943359375,
      -285.82464599609375,
      25.933557510375977,
      0,
      391.9699401855469,
      0,
      0,
      0,
      0.5,
      0.001183300861157477,
      0.021483400836586952,
      0,
      1
    ],
    "projection": [
      0.5062500238418579,
      0,
      0,
      0,
      0,
      -0.8999999761581421,
      1.364464282989502,
      0,
      0,
      0,
      -1.040816307067871,
      -2.040816307067871,
      0,
      0,
      -1,
      0
    ]
  },
  "video": {
    "miny": -1.1931838989257812,
    "minx": -1.7032928466796875,
    "maxy": 2.386362075805664,
    "maxx": 2.362640380859375
  },
  "proj1": {
    "camview": [
      1,
      0,
      0,
      0,
      0,
      1,
      0,
      0,
      0,
      0,
      1,
      0,
      0,
      0,
      0,
      1
    ],
    "pos": [
      0,
      0,
      0
    ],
    "s2w": [
      0.003770179580897093,
      -3.441683657001704E-4,
      0,
      -3.4779531955718994,
      -1.427433599019423E-4,
      -0.003968691918998957,
      0,
      2.3375587463378906,
      0,
      0,
      1,
      0,
      -8.90438532223925E-5,
      9.235861216438934E-5,
      0,
      1
    ],
    "w2s": [
      278.7529296875,
      -1.5287587642669678,
      0,
      973.0631713867188,
      4.356695175170898,
      -230.51780700683594,
      0,
      554.0012817382812,
      0,
      0,
      0,
      0.5,
      0.02441885508596897,
      0.02115417830646038,
      0,
      1
    ],
    "projection": [
      0.5062500238418579,
      0,
      0,
      0,
      0,
      -0.8999999761581421,
      1.364464282989502,
      0,
      0,
      0,
      -1.040816307067871,
      -2.040816307067871,
      0,
      0,
      -1,
      0
    ]
  },
  "navier2": {
    "diffusion": 0.10000000149011612,
    "multiColor": 1,
    "velScale": 63.73625946044922,
    "smokeEnable": 0,
    "ambient": 0,
    "velocityDissipation": 0.9900000095367432,
    "legScale": 2.6955766677856445,
    "smokeBuoyancy": 1,
    "limitVelocity": 200,
    "saturation": 1,
    "smokeWeight": 0.05000000074505806,
    "flameVelocity": [
      -0.8503954410552979,
      0.9448838233947754,
      0
    ],
    "flameRadius": 10,
    "alpha": 1,
    "temperature": 10,
    "dissipation": 0.9999989867210388,
    "border": 1,
    "flameDensity": 1,
    "density": 1,
    "pressDissipation": 0.8999999761581421,
    "flameTemperature": 10,
    "flameEnable": 1,
    "iterations": 40,
    "rainbow": 1,
    "viscosity": 0.10000000149011612,
    "brightness": 1,
    "gravity": [
      0,
      -0.9800000190734863,
      0
    ],
    "tempDissipation": 0.9900000095367432,
    "flamePosition": [
      -0.22047287225723267,
      0.17322897911071777,
      0
    ]
  },
  "navier1": {
    "diffusion": 0.10000000149011612,
    "multiColor": 1,
    "velScale": 40.659339904785156,
    "smokeEnable": 0,
    "ambient": 0,
    "velocityDissipation": 0.9890739917755127,
    "legScale": 2.2132692337036133,
    "smokeBuoyancy": 1,
    "limitVelocity": 200,
    "saturation": 0.8351648449897766,
    "smokeWeight": 0.05000000074505806,
    "flameVelocity": [
      0,
      -2,
      0
    ],
    "flameRadius": 10,
    "alpha": 1,
    "temperature": 10,
    "dissipation": 0.9999989867210388,
    "border": 1,
    "flameDensity": 1,
    "density": 1,
    "pressDissipation": 0.8999999761581421,
    "flameTemperature": 10,
    "flameEnable": 0,
    "iterations": 63,
    "rainbow": 1,
    "viscosity": 0.10000000149011612,
    "brightness": 1,
    "gravity": [
      -1.2598425149917603,
      0.2519686222076416,
      0
    ],
    "tempDissipation": 0.9900000095367432,
    "flamePosition": [
      0,
      0.699999988079071,
      0
    ]
  },
  "navier0": {}
}