{
  "dateSaved": "Sat Dec 02 17:15:02 PST 2017",
  "navier6": {},
  "navier5": {},
  "navier4": {},
  "navier3": {
    "diffusion": 0.10000000149011612,
    "multiColor": 1,
    "velScale": 100,
    "smokeEnable": 0,
    "ambient": 37.22527313232422,
    "velocityDissipation": 0.9900000095367432,
    "legScale": 1.1390382051467896,
    "smokeBuoyancy": 0.3681318163871765,
    "limitVelocity": 200,
    "saturation": 1,
    "smokeWeight": 0.05000000074505806,
    "flameVelocity": [
      -1.9073486328125E-6,
      0.2834663391113281,
      0
    ],
    "flameRadius": 10,
    "alpha": 1,
    "temperature": 10,
    "dissipation": 0.9748175144195557,
    "border": 1,
    "flameDensity": 1,
    "density": 1,
    "pressDissipation": 0.8999999761581421,
    "flameTemperature": 10,
    "flameEnable": 1,
    "iterations": 40,
    "rainbow": 1,
    "viscosity": 1.0E8,
    "brightness": 1,
    "gravity": [
      1.779527187347412,
      0.8818907737731934,
      0
    ],
    "tempDissipation": 0.9900000095367432,
    "flamePosition": [
      -1,
      0.9055124521255493,
      0
    ]
  },
  "navier7": {},
  "proj4": {
    "camview": [
      0.009057551622390747,
      -0.9999517202377319,
      -0.0038082546088844538,
      -0.0415266752243042,
      0.9998472332954407,
      0.009113405831158161,
      -0.014914527535438538,
      4.423638343811035,
      0.014948513358831406,
      -0.0036725837271660566,
      0.9998815059661865,
      1.838224172592163,
      0,
      0,
      0,
      1
    ],
    "pos": [
      -4.4500651359558105,
      -0.07508805394172668,
      1.7721879482269287
    ],
    "s2w": [
      1,
      0,
      0,
      0,
      0,
      1,
      0,
      0,
      0,
      0,
      1,
      0,
      0,
      0,
      0,
      1
    ],
    "w2s": [
      1,
      0,
      0,
      0,
      0,
      1,
      0,
      0,
      0,
      0,
      0,
      0.5,
      0,
      0,
      0,
      1
    ],
    "projection": [
      0.5062500238418579,
      0,
      0,
      0,
      0,
      -0.8999999761581421,
      1.364464282989502,
      0,
      0,
      0,
      -1.040816307067871,
      -2.040816307067871,
      0,
      0,
      -1,
      0
    ]
  },
  "proj3": {
    "camview": [
      0.9994413256645203,
      0.02965663932263851,
      -0.015411249361932278,
      -0.15701262652873993,
      -0.02960304357111454,
      0.9995549321174622,
      0.003694326849654317,
      4.751424312591553,
      0.015513951890170574,
      -0.003236043034121394,
      0.9998744130134583,
      1.823163390159607,
      0,
      0,
      0,
      1
    ],
    "pos": [
      0.2692970633506775,
      -4.738753318786621,
      1.8429075479507446
    ],
    "s2w": [
      1,
      0,
      0,
      0,
      0,
      1,
      0,
      0,
      0,
      0,
      1,
      0,
      0,
      0,
      0,
      1
    ],
    "w2s": [
      1,
      0,
      0,
      0,
      0,
      1,
      0,
      0,
      0,
      0,
      0,
      0.5,
      0,
      0,
      0,
      1
    ],
    "projection": [
      0.5062500238418579,
      0,
      0,
      0,
      0,
      -0.8999999761581421,
      1.364464282989502,
      0,
      0,
      0,
      -1.040816307067871,
      -2.040816307067871,
      0,
      0,
      -1,
      0
    ]
  },
  "proj2": {
    "camview": [
      0.9994337558746338,
      0.03345174714922905,
      0.0036264455411583185,
      -0.20482002198696136,
      -0.033397141844034195,
      0.9730826020240784,
      0.22802375257015228,
      -0.7447219491004944,
      0.004098961595445871,
      -0.22801573574543,
      0.9736488461494446,
      1.9425121545791626,
      0,
      0,
      0,
      1
    ],
    "pos": [
      0.1718701720237732,
      1.1744508743286133,
      1.720767617225647
    ],
    "s2w": [
      0.002279844367876649,
      2.8089414627174847E-5,
      0,
      -2.1095755100250244,
      7.623475539730862E-5,
      -0.0025244546122848988,
      0,
      3.6528706550598145,
      0,
      0,
      1,
      0,
      4.76611421618145E-6,
      -2.996940165758133E-4,
      0,
      1
    ],
    "w2s": [
      248.3212890625,
      -104.93047332763672,
      0,
      907.1499633789062,
      10.217056274414062,
      -397.7241516113281,
      0,
      1474.3885498046875,
      0,
      0,
      0,
      0.5,
      0.0018784631974995136,
      -0.11869543790817261,
      0,
      1
    ],
    "projection": [
      0.5062500238418579,
      0,
      0,
      0,
      0,
      -0.8999999761581421,
      1.364464282989502,
      0,
      0,
      0,
      -1.040816307067871,
      -2.040816307067871,
      0,
      0,
      -1,
      0
    ]
  },
  "video": {
    "miny": 1.4772720336914062,
    "minx": -1.4285717010498047,
    "maxy": 4.318181991577148,
    "maxx": 1.208791732788086
  },
  "proj1": {
    "camview": [
      -0.9977937936782837,
      -0.0643998235464096,
      -0.016129164025187492,
      0.39434364438056946,
      0.059778012335300446,
      -0.9772045612335205,
      0.20371006429195404,
      5.007261276245117,
      -0.02888038568198681,
      0.20229648053646088,
      0.9788984060287476,
      0.7317657470703125,
      0,
      0,
      0,
      1
    ],
    "pos": [
      0.11528320610523224,
      4.770480632781982,
      1.729993462562561
    ],
    "s2w": [
      -0.0023288787342607975,
      -1.5997045557014644E-4,
      0,
      2.489563465118408,
      -2.5657241349108517E-4,
      9.330238099209964E-4,
      0,
      2.2840018272399902,
      0,
      0,
      1,
      0,
      -2.1467420083354227E-5,
      -2.711334091145545E-4,
      0,
      1
    ],
    "w2s": [
      -701.1439819335938,
      232.63169860839844,
      0,
      1214.211181640625,
      -93.74259948730469,
      1027.7744140625,
      0,
      -2114.060546875,
      0,
      0,
      0,
      0.5,
      -0.040468502789735794,
      0.283657968044281,
      0,
      1
    ],
    "projection": [
      0.5062500238418579,
      0,
      0,
      0,
      0,
      -0.8999999761581421,
      1.364464282989502,
      0,
      0,
      0,
      -1.040816307067871,
      -2.040816307067871,
      0,
      0,
      -1,
      0
    ]
  },
  "navier2": {
    "diffusion": 0.10000000149011612,
    "multiColor": 1,
    "velScale": 63.73625946044922,
    "smokeEnable": 0,
    "ambient": 0,
    "velocityDissipation": 0.9900000095367432,
    "legScale": 2.6955766677856445,
    "smokeBuoyancy": 1,
    "limitVelocity": 200,
    "saturation": 1,
    "smokeWeight": 0.05000000074505806,
    "flameVelocity": [
      -0.8503954410552979,
      0.9448838233947754,
      0
    ],
    "flameRadius": 10,
    "alpha": 1,
    "temperature": 10,
    "dissipation": 0.9999989867210388,
    "border": 1,
    "flameDensity": 1,
    "density": 1,
    "pressDissipation": 0.8999999761581421,
    "flameTemperature": 10,
    "flameEnable": 1,
    "iterations": 40,
    "rainbow": 1,
    "viscosity": 0.10000000149011612,
    "brightness": 1,
    "gravity": [
      0,
      -0.9800000190734863,
      0
    ],
    "tempDissipation": 0.9900000095367432,
    "flamePosition": [
      -0.22047287225723267,
      0.17322897911071777,
      0
    ]
  },
  "navier1": {
    "diffusion": 0.10000000149011612,
    "multiColor": 1,
    "velScale": 40.659339904785156,
    "smokeEnable": 0,
    "ambient": 0,
    "velocityDissipation": 0.9890739917755127,
    "legScale": 2.2132692337036133,
    "smokeBuoyancy": 1,
    "limitVelocity": 200,
    "saturation": 0.8351648449897766,
    "smokeWeight": 0.05000000074505806,
    "flameVelocity": [
      0,
      -2,
      0
    ],
    "flameRadius": 10,
    "alpha": 1,
    "temperature": 10,
    "dissipation": 0.9999989867210388,
    "border": 1,
    "flameDensity": 1,
    "density": 1,
    "pressDissipation": 0.8999999761581421,
    "flameTemperature": 10,
    "flameEnable": 0,
    "iterations": 63,
    "rainbow": 1,
    "viscosity": 0.10000000149011612,
    "brightness": 1,