{
  "dateSaved": "Thu Apr 12 19:43:47 PDT 2018",
  "navier6": {},
  "navier5": {},
  "navier4": {},
  "navier3": {
    "diffusion": 0.10000000149011612,
    "multiColor": 1,
    "velScale": 100,
    "smokeEnable": 0,
    "ambient": 37.22527313232422,
    "velocityDissipation": 0.9900000095367432,
    "legScale": 1.1390382051467896,
    "smokeBuoyancy": 0.3681318163871765,
    "limitVelocity": 200,
    "saturation": 1,
    "smokeWeight": 0.05000000074505806,
    "flameVelocity": [
      -1.9073486328125E-6,
      0.2834663391113281,
      0
    ],
    "flameRadius": 10,
    "alpha": 1,
    "temperature": 10,
    "dissipation": 0.9748175144195557,
    "border": 1,
    "flameDensity": 1,
    "density": 1,
    "pressDissipation": 0.8999999761581421,
    "flameTemperature": 10,
    "flameEnable": 1,
    "iterations": 40,
    "rainbow": 1,
    "viscosity": 1.0E8,
    "brightness": 1,
    "gravity": [
      1.779527187347412,
      0.8818907737731934,
      0
    ],
    "tempDissipation": 0.9900000095367432,
    "flamePosition": [
      -1,
      0.9055124521255493,
      0
    ]
  },
  "navier7": {},
  "proj4": {
    "camview": [
      -0.9999687075614929,
      0.005462806671857834,
      0.0057264151982963085,
      -1.9794780015945435,
      -0.005371339153498411,
      -0.9998596906661987,
      0.015868406742811203,
      4.2030558586120605,
      0.005812297575175762,
      0.015837151557207108,
      0.9998576641082764,
      1.726603388786316,
      0,
      0,
      0,
      1
    ],
    "pos": [
      -1.966875433921814,
      4.185935020446777,
      1.781718134880066
    ],
    "s2w": [
      -0.003614813555032015,
      9.805338049773127E-5,
      0,
      1.4585623741149902,
      4.997090218239464E-5,
      0.0033812206238508224,
      0,
      -0.3068069815635681,
      0,
      0,
      1,
      0,
      1.1436894055805169E-5,
      -3.1692768970970064E-5,
      0,
      1
    ],
    "w2s": [
      -275.7333679199219,
      11.79968547821045,
      0,
      405.7945251464844,
      4.373775482177734,
      296.9969177246094,
      0,
      84.7413101196289,
      0,
      0,
      0,
      0.5,
      0.00329215032979846,
      0.009277703240513802,
      0,
      1
    ],
    "projection": [
      0.5062500238418579,
      0,
      0,
      0,
      0,
      -0.8999999761581421,
      1.364464282989502,
      0,
      0,
      0,
      -1.040816307067871,
      -2.040816307067871,
      0,
      0,
      -1,
      0
    ]
  },
  "proj3": {
    "camview": [
      0.033799704164266586,
      0.9994240403175354,
      -0.0030338498763740063,
      0.05241410806775093,
      -0.9994187951087952,
      0.03378576040267944,
      -0.004534791689366102,
      0.909182071685791,
      -0.0044296784326434135,
      0.0031853611581027508,
      0.9999850988388062,
      1.8238693475723267,
      0,
      0,
      0,
      1
    ],
    "pos": [
      0.9149612188339233,
      -0.0889110118150711,
      1.8195602893829346
    ],
    "s2w": [
      1.1623794853221625E-4,
      0.0038030536379665136,
      0,
      -4.034610271453857,
      0.003759745741263032,
      -1.3993220636621118E-4,
      0,
      -3.5242490768432617,
      0,
      0,
      1,
      0,
      -6.27976351097459E-6,
      9.386526471644174E-6,
      0,
      1
    ],
    "w2s": [
      7.464435577392578,
      268.31878662109375,
      0,
      975.7383422851562,
      261.10174560546875,
      -6.350188255310059,
      0,
      1031.0640869140625,
      0,
      0,
      0,
      0.5,
      -0.002403963590040803,
      0.0017445848789066076,
      0,
      1
    ],
    "projection": [
      0.5062500238418579,
      0,
      0,
      0,
      0,
      -0.8999999761581421,
      1.364464282989502,
      0,
      0,
      0,
      -1.040816307067871,
      -2.040816307067871,
      0,
      0,
      -1,
      0
    ]
  },
  "proj2": {
    "camview": [
      0.9996569156646729,
      -0.02601051889359951,
      -0.0030913737136870623,
      1.9016891717910767,
      0.02598745748400688,
      0.9996357560157776,
      -0.007279894780367613,
      4.381572246551514,
      0.003279601689428091,
      0.007197060156613588,
      0.9999687075614929,
      1.8471723794937134,
      0,
      0,
      0,
      1
    ],
    "pos": [
      -2.020960569381714,
      -4.343806743621826,
      1.8093384504318237
    ],
    "s2w": [
      0.003787050489336252,
      -1.1406629346311092E-4,
      0,
      -5.520030498504639,
      -8.223851909860969E-5,
      -0.0038153426721692085,
      0,
      0.5792240500450134,
      0,
      0,
      1,
      0,
      -6.445000963140046E-6,
      1.5177236491581425E-5,
      0,
      1
    ],
    "w2s": [
      264.49444580078125,
      -2.0948195457458496,
      0,
      1461.230712890625,
      -5.42979097366333,
      -259.4689636230469,
      0,
      120.31805419921875,
      0,
      0,
      0,
      0.5,
      0.0017870761221274734,
      0.0039245206862688065,
      0,
      1
    ],
    "projection": [
      0.5062500238418579,
      0,
      0,
      0,
      0,
      -0.8999999761581421,
      1.364464282989502,
      0,
      0,
      0,
      -1.040816307067871,
      -2.040816307067871,
      0,
      0,
      -1,
      0
    ]
  },
  "video": {
    "miny": -3.5227274894714355,
    "minx": -4.94505500793457,
    "maxy": 3.465909957885742,
    "maxx": 0.9890098571777344
  },
  "proj1": {
    "camview": [
      -0.0036833046469837427,
      -0.9998800158500671,
      -0.01504720188677311,
      0.08490081131458282,
      0.999904453754425,
      -0.0034820735454559326,
      -0.013377703726291656,
      4.859489917755127,
      0.013323702849447727,
      -0.015095038339495659,
      0.9997972846031189,
      1.8574331998825073,
      0,
      0,
      0,
      1
    ],
    "pos": [
      -4.883460998535156,
      0.12984974682331085,
      1.790770411491394
    ],
    "s2w": [
      1.2892310041934252E-4,
      -0.003831451293081045,
      0,
      -0.10796112567186356,
      -0.0037250258028507233,
      7.548057965323096E-6,
      0,
      3.6690115928649902,
      0,
      0,
      1,
      0,
      -3.113638740614988E-5,
      2.768185549939517E-5,
      0,
      1
    ],
    "w2s": [
      6.587845325469971,
      -268.263427734375,
      0,
      984.9728393554688,
      -253.01063537597656,
      -8.798199653625488,
      0,
      4.965386390686035,
      0,
      0,
      0,
      0.5,
      0.007208925671875477,
      -0.008109202608466148,
      0,
      1
    ],
    "projection": [
      0.5062500238418579,
      0,
      0,
      0,
      0,
      -0.8999999761581421,
      1.364464282989502,
      0,
      0,
      0,
      -1.040816307067871,
      -2.040816307067871,
      0,
      0,
      -1,
      0
    ]
  },
  "navier2": {
    "diffusion": 0.10000000149011612,
    "multiColor": 1,
    "velScale": 63.73625946044922,
    "smokeEnable": 0,
    "ambient": 0,
    "velocityDissipation": 0.9900000095367432,
    "legScale": 2.6955766677856445,
    "smokeBuoyancy": 1,
    "limitVelocity": 200,
    "saturation": 1,
    "smokeWeight": 0.05000000074505806,
    "flameVelocity": [
      -0.8503954410552979,
      0.9448838233947754,
      0
    ],
    "flameRadius": 10,
    "alpha": 1,
    "temperature": 10,
    "dissipation": 0.9999989867210388,
    "border": 1,
    "flameDensity": 1,
    "density": 1,
    "pressDissipation": 0.8999999761581421,
    "flameTemperature": 10,
    "flameEnable": 1,
    "iterations": 40,
    "rainbow": 1,
    "viscosity": 0.10000000149011612,
    "brightness": 1,
    "gravity": [
      0,
      -0.9800000190734863,
      0
    ],
    "tempDissipation": 0.9900000095367432,
    "flamePosition": [
      -0.22047287225723267,
      0.17322897911071777,
      0
    ]
  },
  "navier1": {
    "diffusion": 0.10000000149011612,
    "multiColor": 1,
    "velScale": 40.659339904785156,
    "smokeEnable": 0,
    "ambient": 0,
    "velocityDissipation": 0.9890739917755127,
    "legScale": 2.2132692337036133,