{
  "dateSaved": "Sun Dec 06 19:25:46 PST 2020",
  "navier6": {},
  "navier5": {},
  "navier4": {},
  "navier3": {
    "diffusion": 0.10000000149011612,
    "multiColor": 1,
    "velScale": 100,
    "smokeEnable": 0,
    "ambient": 37.22527313232422,
    "velocityDissipation": 0.9900000095367432,
    "legScale": 1.1390382051467896,
    "smokeBuoyancy": 0.3681318163871765,
    "limitVelocity": 200,
    "saturation": 1,
    "smokeWeight": 0.05000000074505806,
    "flameVelocity": [
      -1.9073486328125E-6,
      0.2834663391113281,
      0
    ],
    "flameRadius": 10,
    "alpha": 1,
    "temperature": 10,
    "dissipation": 0.9748175144195557,
    "border": 1,
    "flameDensity": 1,
    "density": 1,
    "pressDissipation": 0.8999999761581421,
    "flameTemperature": 10,
    "flameEnable": 1,
    "iterations": 40,
    "rainbow": 1,
    "viscosity": 1.0E8,
    "brightness": 1,
    "gravity": [
      1.779527187347412,
      0.8818907737731934,
      0
    ],
    "tempDissipation": 0.9900000095367432,
    "flamePosition": [
      -1,
      0.9055124521255493,
      0
    ]
  },
  "navier7": {},
  "proj4": {
    "camview": [
      -0.9999676942825317,
      -0.0015842585125938058,
      0.007881971076130867,
      -1.9634315967559814,
      0.0017185151809826493,
      -0.9998530745506287,
      0.017055876553058624,
      4.242666721343994,
      0.007853792048990726,
      0.01706887036561966,
      0.9998234510421753,
      1.7325924634933472,
      0,
      0,
      0,
      1
    ],
    "pos": [
      -1.984266757965088,
      4.209359169006348,
      1.7891733646392822
    ],
    "s2w": [
      -0.003654282307252288,
      8.614743273938075E-5,
      0,
      1.5022757053375244,
      3.62606551789213E-5,
      0.00338179268874228,
      0,
      -0.270177960395813,
      0,
      0,
      1,
      0,
      1.5759977031848393E-5,
      -3.4103217330994084E-5,
      0,
      1
    ],
    "w2s": [
      -272.8370056152344,
      11.113842964172363,
      0,
      412.87908935546875,
      3.2779035568237305,
      297.5417785644531,
      0,
      75.46491241455078,
      0,
      0,
      0,
      0.5,
      0.004411691799759865,
      0.009971977211534977,
      0,
      1
    ],
    "projection": [
      0.5062500238418579,
      0,
      0,
      0,
      0,
      -0.8999999761581421,
      1.364464282989502,
      0,
      0,
      0,
      -1.040816307067871,
      -2.040816307067871,
      0,
      0,
      -1,
      0
    ]
  },
  "proj3": {
    "camview": [
      0.028123410418629646,
      0.9996004104614258,
      -0.002848783042281866,
      0.021062783896923065,
      -0.9996012449264526,
      0.028115956112742424,
      -0.002623496111482382,
      0.9182686805725098,
      -0.0025423516053706408,
      0.00292142853140831,
      0.9999924898147583,
      1.831394910812378,
      0,
      0,
      0,
      1
    ],
    "pos": [
      0.9219661951065063,
      -0.052222657948732376,
      1.8289120197296143
    ],
    "s2w": [
      9.405682794749737E-5,
      0.00381385232321918,
      0,
      -4.0125346183776855,
      0.003758616978302598,
      -1.2052620149916038E-4,
      0,
      -3.5139806270599365,
      0,
      0,
      1,
      0,
      -5.869154392712517E-6,
      5.405046067608055E-6,
      0,
      1
    ],
    "w2s": [
      7.077369213104248,
      267.3568420410156,
      0,
      967.8848876953125,
      260.5572814941406,
      -4.914674282073975,
      0,
      1028.22509765625,
      0,
      0,
      0,
      0.5,
      -0.0013667858438566327,
      0.001595722627826035,
      0,
      1
    ],
    "projection": [
      0.5062500238418579,
      0,
      0,
      0,
      0,
      -0.8999999761581421,
      1.364464282989502,
      0,
      0,
      0,
      -1.040816307067871,
      -2.040816307067871,
      0,
      0,
      -1,
      0
    ]
  },
  "proj2": {
    "camview": [
      0.9997457265853882,
      -0.02216443046927452,
      -0.004144678357988596,
      1.8995615243911743,
      0.022132201120257378,
      0.9997256398200989,
      -0.0076663619838654995,
      4.355160713195801,
      0.004313461948186159,
      0.007572682108730078,
      0.9999620318412781,
      1.8520467281341553,
      0,
      0,
      0,
      1
    ],
    "pos": [
      -2.0034565925598145,
      -4.325888156890869,
      1.8107151985168457
    ],
    "s2w": [
      0.0037910575047135353,
      -9.302675607614219E-5,
      0,
      -5.522902965545654,
      -6.503570330096409E-5,
      -0.0038073682226240635,
      0,
      0.5839792490005493,
      0,
      0,
      1,
      0,
      -8.631727723695803E-6,
      1.596582842466887E-5,
      0,
      1
    ],
    "w2s": [
      264.3138122558594,
      -0.33580583333969116,
      0,
      1459.9757080078125,
      -4.1547746658325195,
      -259.2371826171875,
      0,
      128.44271850585938,
      0,
      0,
      0,
      0.5,
      0.002347819274291396,
      0.0041360375471413136,
      0,
      1
    ],
    "projection": [
      0.5062500238418579,
      0,
      0,
      0,
      0,
      -0.8999999761581421,
      1.364464282989502,
      0,
      0,
      0,
      -1.040816307067871,
      -2.040816307067871,
      0,
      0,
      -1,
      0
    ]
  },
  "video": {
    "miny": -3.5227274894714355,
    "minx": -4.94505500793457,
    "maxy": 3.465909957885742,
    "maxx": 0.9890098571777344
  },
  "proj1": {
    "camview": [
      -0.0036833046469837427,
      -0.9998800158500671,
      -0.01504720188677311,
      0.08490081131458282,
      0.999904453754425,
      -0.0034820735454559326,
      -0.013377703726291656,
      4.859489917755127,
      0.013323702849447727,
      -0.015095038339495659,
      0.9997972846031189,
      1.8574331998825073,
      0,
      0,
      0,
      1
    ],
    "pos": [
      -4.883460998535156,
      0.12984974682331085,
      1.790770411491394
    ],
    "s2w": [
      1.2892310041934252E-4,
      -0.003831451293081045,
      0,
      -0.10796112567186356,
      -0.0037250258028507233,
      7.548057965323096E-6,
      0,
      3.6690115928649902,
      0,
      0,
      1,
      0,
      -3.113638740614988E-5,
      2.768185549939517E-5,
      0,
      1
    ],
    "w2s": [
      6.587845325469971,
      -268.263427734375,
      0,
      984.9728393554688,
      -253.01063537597656,
      -8.798199653625488,
      0,
      4.965386390686035,
      0,
      0,
      0,
      0.5,
      0.007208925671875477,
      -0.008109202608466148,
      0,
      1
    ],
    "projection": [
      0.5062500238418579,
      0,
      0,
      0,
      0,
      -0.8999999761581421,
      1.364464282989502,
      0,
      0,
      0,
      -1.040816307067871,
      -2.040816307067871,
      0,
      0,
      -1,
      0
    ]
  },
  "navier2": {
    "diffusion": 0.10000000149011612,
    "multiColor": 1,
    "velScale": 63.73625946044922,
    "smokeEnable": 0,
    "ambient": 0,
    "velocityDissipation": 0.9900000095367432,
    "legScale": 2.6955766677856445,
    "smokeBuoyancy": 1,
    "limitVelocity": 200,
    "saturation": 1,
    "smokeWeight": 0.05000000074505806,
    "flameVelocity": [
      -0.8503954410552979,
      0.9448838233947754,
      0
    ],
    "flameRadius": 10,
    "alpha": 1,
    "temperature": 10,
    "dissipation": 0.9999989867210388,
    "border": 1,
    "flameDensity": 1,
    "density": 1,
    "pressDissipation": 0.8999999761581421,
    "flameTemperature": 10,
    "flameEnable": 1,
    "iterations": 40,
    "rainbow": 1,
    "viscosity": 0.10000000149011612,
    "brightness": 1,
    "gravity": [
      0,
      -0.9800000190734863,
      0
    ],
    "tempDissipation": 0.9900000095367432,
    "flamePosition": [
      -0.22047287225723267,
      0.17322897911071777,
      0
    ]
  },
  "navier1": {
    "diffusion": 0.10000000149011612,
    "multiColor": 1,
    "velScale": 40.659339904785156,
    "smokeEnable": 0,
    "ambient": 0,
    "velocityDissipation": 0.9890739917755127,
    "legScale": 2.2132692337036133,