{
  "dateSaved": "Mon Aug 28 02:14:50 PDT 2017",
  "navier6": {},
  "navier5": {},
  "navier4": {},
  "navier3": {
    "diffusion": 0.10000000149011612,
    "multiColor": 1,
    "velScale": 100,
    "smokeEnable": 0,
    "ambient": 37.22527313232422,
    "velocityDissipation": 0.9900000095367432,
    "legScale": 1.1390382051467896,
    "smokeBuoyancy": 0.3681318163871765,
    "limitVelocity": 200,
    "saturation": 1,
    "smokeWeight": 0.05000000074505806,
    "flameVelocity": [
      -1.9073486328125E-6,
      0.2834663391113281,
      0
    ],
    "flameRadius": 10,
    "alpha": 1,
    "temperature": 10,
    "dissipation": 0.9748175144195557,
    "border": 1,
    "flameDensity": 1,
    "density": 1,
    "pressDissipation": 0.8999999761581421,
    "flameTemperature": 10,
    "flameEnable": 1,
    "iterations": 40,
    "rainbow": 1,
    "viscosity": 1.0E8,
    "brightness": 1,
    "gravity": [
      1.779527187347412,
      0.8818907737731934,
      0
    ],
    "tempDissipation": 0.9900000095367432,
    "flamePosition": [
      -1,
      0.9055124521255493,
      0
    ]
  },
  "navier7": {},
  "proj4": {
    "camview": [
      1,
      0,
      0,
      0,
      0,
      1,
      0,
      0,
      0,
      0,
      1,
      0,
      0,
      0,
      0,
      1
    ],
    "pos": [
      0,
      0,
      0
    ],
    "s2w": [
      9.083114127861336E-5,
      -0.003940363880246878,
      0,
      0.35453134775161743,
      -0.0038927490822970867,
      7.936449401313439E-5,
      0,
      3.6224069595336914,
      0,
      0,
      1,
      0,
      -1.3590558410214726E-5,
      5.1062692364212126E-5,
      0,
      1
    ],
    "w2s": [
      6.888067245483398,
      -258.1894226074219,
      0,
      932.8251342773438,
      -250.69195556640625,
      -6.23869514465332,
      0,
      111.47724914550781,
      0,
      0,
      0,
      0.5,
      0.012894618324935436,
      -0.0031903740018606186,
      0,
      1
    ],
    "projection": [
      0.5062500238418579,
      0,
      0,
      0,
      0,
      -0.8999999761581421,
      1.364464282989502,
      0,
      0,
      0,
      -1.040816307067871,
      -2.040816307067871,
      0,
      0,
      -1,
      0
    ]
  },
  "proj3": {
    "camview": [
      1,
      0,
      0,
      0,
      0,
      1,
      0,
      0,
      0,
      0,
      1,
      0,
      0,
      0,
      0,
      1
    ],
    "pos": [
      0,
      0,
      0
    ],
    "s2w": [
      0.003606231650337577,
      2.692716952878982E-4,
      0,
      -3.3462581634521484,
      1.9548354612197727E-4,
      -0.0036268981639295816,
      0,
      -0.1962200254201889,
      0,
      0,
      1,
      0,
      -3.0260131097747944E-5,
      -1.698148662399035E-5,
      0,
      1
    ],
    "w2s": [
      276.44000244140625,
      16.1777400970459,
      0,
      928.2139892578125,
      14.43381404876709,
      -266.9017639160156,
      0,
      -4.072201728820801,
      0,
      0,
      0,
      0.5,
      0.008610217832028866,
      -0.004042848013341427,
      0,
      1
    ],
    "projection": [
      0.5062500238418579,
      0,
      0,
      0,
      0,
      -0.8999999761581421,
      1.364464282989502,
      0,
      0,
      0,
      -1.040816307067871,
      -2.040816307067871,
      0,
      0,
      -1,
      0
    ]
  },
  "proj2": {
    "camview": [
      1,
      0,
      0,
      0,
      0,
      1,
      0,
      0,
      0,
      0,
      1,
      0,
      0,
      0,
      0,
      1
    ],
    "pos": [
      0,
      0,
      0
    ],
    "s2w": [
      -2.005229180213064E-4,
      0.0037824881728738546,
      0,
      0.3621605932712555,
      0.0038114029448479414,
      2.78088873528759E-6,
      0,
      -3.648098945617676,
      0,
      0,
      1,
      0,
      -1.1223737601540051E-5,
      -7.156503670557868E-6,
      0,
      1
    ],
    "w2s": [
      1.6179865598678589,
      262.5401916503906,
      0,
      957.1866455078125,
      261.5259704589844,
      13.626701354980469,
      0,
      -45.002845764160156,
      0,
      0,
      0,
      0.5,
      0.0018897714326158166,
      0.0030442019924521446,
      0,
      1
    ],
    "projection": [
      0.5062500238418579,
      0,
      0,
      0,
      0,
      -0.8999999761581421,
      1.364464282989502,
      0,
      0,
      0,
      -1.040816307067871,
      -2.040816307067871,
      0,
      0,
      -1,
      0
    ]
  },
  "video": {
    "miny": -3.5227274894714355,
    "minx": -2.472527027130127,
    "maxy": 3.409090042114258,
    "maxx": 4.120879173278809
  },
  "proj1": {
    "camview": [
      1,
      0,
      0,
      0,
      0,
      1,
      0,
      0,
      0,
      0,
      1,
      0,
      0,
      0,
      0,
      1
    ],
    "pos": [
      0,
      0,
      0
    ],
    "s2w": [
      -0.003685133298859,
      -1.1062808334827423E-4,
      0,
      3.775505304336548,
      -2.3119835532270372E-4,
      0.0037180783692747355,
      0,
      0.1656365990638733,
      0,
      0,
      1,
      0,
      -2.497215973562561E-5,
      7.01602266417467E-6,
      0,
      1
    ],
    "w2s": [
      -270.77032470703125,
      -9.988722801208496,
      0,
      1023.9493408203125,
      -16.54104232788086,
      261.5867004394531,
      0,
      19.122459411621094,
      0,
      0,
      0,
      0.5,
      -0.00664566783234477,
      -0.002084738342091441,
      0,
      1
    ],
    "projection": [
      0.5062500238418579,
      0,
      0,
      0,
      0,
      -0.8999999761581421,
      1.364464282989502,
      0,
      0,
      0,
      -1.040816307067871,
      -2.040816307067871,
      0,
      0,
      -1,
      0
    ]
  },
  "navier2": {
    "diffusion": 0.10000000149011612,
    "multiColor": 1,
    "velScale": 63.73625946044922,
    "smokeEnable": 0,
    "ambient": 0,
    "velocityDissipation": 0.9900000095367432,
    "legScale": 2.6955766677856445,
    "smokeBuoyancy": 1,
    "limitVelocity": 200,
    "saturation": 1,
    "smokeWeight": 0.05000000074505806,
    "flameVelocity": [
      -0.8503954410552979,
      0.9448838233947754,
      0
    ],
    "flameRadius": 10,
    "alpha": 1,
    "temperature": 10,
    "dissipation": 0.9999989867210388,
    "border": 1,
    "flameDensity": 1,
    "density": 1,
    "pressDissipation": 0.8999999761581421,
    "flameTemperature": 10,
    "flameEnable": 1,
    "iterations": 40,
    "rainbow": 1,
    "viscosity": 0.10000000149011612,
    "brightness": 1,
    "gravity": [
      0,
      -0.9800000190734863,
      0
    ],
    "tempDissipation": 0.9900000095367432,
    "flamePosition": [
      -0.22047287225723267,
      0.17322897911071777,
      0
    ]
  },
  "navier1": {
    "diffusion": 0.10000000149011612,
    "multiColor": 1,
    "velScale": 40.659339904785156,
    "smokeEnable": 0,
    "ambient": 0,
    "velocityDissipation": 0.9890739917755127,
    "legScale": 2.2132692337036133,
    "smokeBuoyancy": 1,
    "limitVelocity": 200,
    "saturation": 0.8351648449897766,
    "smokeWeight": 0.05000000074505806,
    "flameVelocity": [
      0,
      -2,
      0
    ],
    "flameRadius": 10,
    "alpha": 1,
    "temperature": 10,
    "dissipation": 0.9999989867210388,
    "border": 1,
    "flameDensity": 1,
    "density": 1,
    "pressDissipation": 0.8999999761581421,
    "flameTemperature": 10,
    "flameEnable": 0,
    "iterations": 63,
    "rainbow": 1,
    "viscosity": 0.10000000149011612,
    "brightness": 1,
    "gravity": [
      -1.2598425149917603,
      0.2519686222076416,
      0
    ],
    "tempDissipation": 0.9900000095367432,
    "flamePosition": [
      0,
      0.699999988079071,
      0
    ]
  },
  "navier0": {}
}