{
  "dateSaved": "Sun Jun 25 17:15:59 PDT 2017",
  "navier6": {},
  "navier5": {},
  "navier4": {},
  "navier3": {
    "diffusion": 0.10000000149011612,
    "multiColor": 1,
    "velScale": 100,
    "smokeEnable": 0,
    "ambient": 37.22527313232422,
    "velocityDissipation": 0.9900000095367432,
    "legScale": 1.1390382051467896,
    "smokeBuoyancy": 0.3681318163871765,
    "limitVelocity": 200,
    "saturation": 1,
    "smokeWeight": 0.05000000074505806,
    "flameVelocity": [
      -1.9073486328125E-6,
      0.2834663391113281,
      0
    ],
    "flameRadius": 10,
    "alpha": 1,
    "temperature": 10,
    "dissipation": 0.9748175144195557,
    "border": 1,
    "flameDensity": 1,
    "density": 1,
    "pressDissipation": 0.8999999761581421,
    "flameTemperature": 10,
    "flameEnable": 1,
    "iterations": 40,
    "rainbow": 1,
    "viscosity": 1.0E8,
    "brightness": 1,
    "gravity": [
      1.779527187347412,
      0.8818907737731934,
      0
    ],
    "tempDissipation": 0.9900000095367432,
    "flamePosition": [
      -1,
      0.9055124521255493,
      0
    ]
  },
  "navier7": {},
  "proj4": {
    "camview": [
      0.01584535278379917,
      -0.9998611807823181,
      -0.005147652234882116,
      0.05673949047923088,
      0.9998448491096497,
      0.015805063769221306,
      0.007775160949677229,
      4.661149978637695,
      -0.007692723069339991,
      -0.005270053632557392,
      0.9999565482139587,
      1.8881760835647583,
      0,
      0,
      0,
      1
    ],
    "pos": [
      -4.646800518035889,
      -0.006987369619309902,
      1.92404305934906
    ],
    "s2w": [
      1.0355746053392068E-4,
      -0.003734937869012356,
      0,
      0.17191436886787415,
      -0.003856959752738476,
      -6.419196142815053E-5,
      0,
      3.7657060623168945,
      0,
      0,
      1,
      0,
      -1.0277861292706802E-5,
      -1.5524043192272075E-5,
      0,
      1
    ],
    "w2s": [
      0.3977881073951721,
      -258.966796875,
      0,
      975.1244506835938,
      -264.93310546875,
      -7.308024883270264,
      0,
      73.06568145751953,
      0,
      0,
      0,
      0.5,
      -0.00410874467343092,
      -0.002775074914097786,
      0,
      1
    ],
    "projection": [
      0.5062500238418579,
      0,
      0,
      0,
      0,
      -0.8999999761581421,
      1.364464282989502,
      0,
      0,
      0,
      -1.040816307067871,
      -2.040816307067871,
      0,
      0,
      -1,
      0
    ]
  },
  "proj3": {
    "camview": [
      -0.9996330738067627,
      0.021310722455382347,
      -0.016719074919819832,
      0.06413667649030685,
      -0.02143031172454357,
      -0.999745786190033,
      0.007006614003330469,
      4.587473392486572,
      -0.016565509140491486,
      0.007362338248640299,
      0.9998356699943542,
      1.7936748266220093,
      0,
      0,
      0,
      1
    ],
    "pos": [
      0.19213725626468658,
      4.571734428405762,
      1.8244503736495972
    ],
    "s2w": [
      -0.003564633196219802,
      9.250531547877472E-6,
      0,
      3.506023406982422,
      -3.778585960390046E-5,
      0.0036195276770740747,
      0,
      -0.12825173139572144,
      0,
      0,
      1,
      0,
      -3.272371759521775E-5,
      -1.3713895896216854E-5,
      0,
      1
    ],
    "w2s": [
      -280.405029296875,
      4.443655490875244,
      0,
      983.6765747070312,
      -3.253986358642578,
      267.3941650390625,
      0,
      45.70231628417969,
      0,
      0,
      0,
      0.5,
      -0.009220520034432411,
      0.0038124285638332367,
      0,
      1
    ],
    "projection": [
      0.5062500238418579,
      0,
      0,
      0,
      0,
      -0.8999999761581421,
      1.364464282989502,
      0,
      0,
      0,
      -1.040816307067871,
      -2.040816307067871,
      0,
      0,
      -1,
      0
    ]
  },
  "proj2": {
    "camview": [
      -0.015840088948607445,
      0.9998605251312256,
      -0.0052906209602952,
      -0.1850133240222931,
      -0.9996994733810425,
      -0.0159361083060503,
      -0.018628904595971107,
      5.400501728057861,
      -0.01871061883866787,
      0.004993947222828865,
      0.9998124837875366,
      2.302231788635254,
      0,
      0,
      0,
      1
    ],
    "pos": [
      5.439024448394775,
      0.25955328345298767,
      2.2021734714508057
    ],
    "s2w": [
      -1.426351664122194E-4,
      0.003960519563406706,
      0,
      0.007807497400790453,
      0.0038783536292612553,
      2.593557655927725E-5,
      0,
      -3.804659128189087,
      0,
      0,
      1,
      0,
      -1.132404668169329E-5,
      3.987331729149446E-5,
      0,
      1
    ],
    "w2s": [
      -11.562094688415527,
      257.759033203125,
      0,
      980.7755126953125,
      249.62710571289062,
      9.277975082397461,
      0,
      33.35056686401367,
      0,
      0,
      0,
      0.5,
      -0.010084389708936214,
      0.0025489316321909428,
      0,
      1
    ],
    "projection": [
      0.5062500238418579,
      0,
      0,
      0,
      0,
      -0.8999999761581421,
      1.364464282989502,
      0,
      0,
      0,
      -1.040816307067871,
      -2.040816307067871,
      0,
      0,
      -1,
      0
    ]
  },
  "video": {
    "miny": -3.579547882080078,
    "minx": -4.120874404907227,
    "maxy": 3.238636016845703,
    "maxx": 3.2967090606689453
  },
  "proj1": {
    "camview": [
      0.9999874830245972,
      0.0045966473408043385,
      0.001984953647479415,
      -0.06841830909252167,
      -0.0045651840046048164,
      0.9998682737350464,
      -0.015574592165648937,
      4.616535663604736,
      -0.0020562829449772835,
      0.015565335750579834,
      0.9998767375946045,
      1.8911738395690918,
      0,
      0,
      0,
      1
    ],
    "pos": [
      0.09338156878948212,
      -4.645049571990967,
      1.8189042806625366
    ],
    "s2w": [
      0.003919039387255907,
      1.3442007912090048E-5,
      0,
      -3.6916773319244385,
      -4.504372554947622E-7,
      -0.004081978928297758,
      0,
      0.3720194101333618,
      0,
      0,
      1,
      0,
      4.276536856195889E-6,
      3.355520311743021E-5,
      0,
      1
    ],
    "w2s": [
      255.94497680664062,
      8.583690643310547,
      0,
      941.6729736328125,
      -0.12760749459266663,
      -245.96620178222656,
      0,
      91.03311157226562,
      0,
      0,
      0,
      0.5,
      -0.001090276287868619,
      0.008216737769544125,
      0,
      1
    ],
    "projection": [
      0.5062500238418579,
      0,
      0,
      0,
      0,
      -0.8999999761581421,
      1.364464282989502,
      0,
      0,
      0,
      -1.040816307067871,
      -2.040816307067871,
      0,
      0,
      -1,
      0
    ]
  },
  "navier2": {
    "diffusion": 0.10000000149011612,
    "multiColor": 1,
    "velScale": 63.73625946044922,
    "smokeEnable": 0,
    "ambient": 0,
    "velocityDissipation": 0.9900000095367432,
    "legScale": 2.6955766677856445,
    "smokeBuoyancy": 1,
    "limitVelocity": 200,
    "saturation": 1,
    "smokeWeight": 0.05000000074505806,
    "flameVelocity": [
      -0.8503954410552979,
      0.9448838233947754,
      0
    ],
    "flameRadius": 10,
    "alpha": 1,
    "temperature": 10,
    "dissipation": 0.9999989867210388,
    "border": 1,
    "flameDensity": 1,
    "density": 1,
    "pressDissipation": 0.8999999761581421,
    "flameTemperature": 10,
    "flameEnable": 1,
    "iterations": 40,
    "rainbow": 1,
    "viscosity": 0.10000000149011612,
    "brightness": 1,
    "gravity": [
      0,
      -0.9800000190734863,
      0
    ],
    "tempDissipation": 0.9900000095367432,
    "flamePosition": [
      -0.22047287225723267,
      0.17322897911071777,
      0
    ]
  },
  "navier1": {
    "diffusion": 0.10000000149011612,
    "multiColor": 1,
    "velScale": 40.659339904785156,
    "smokeEnable": 0,
    "ambient": 0,
    "velocityDissipation": 0.9890739917755127,
    "legScale": 2.2132692337036133,