{
  "dateSaved": "Sun May 14 15:54:34 PDT 2017",
  "navier6": {},
  "navier5": {},
  "navier4": {},
  "navier3": {
    "diffusion": 0.10000000149011612,
    "multiColor": 1,
    "velScale": 100,
    "smokeEnable": 0,
    "ambient": 37.22527313232422,
    "velocityDissipation": 0.9900000095367432,
    "legScale": 1.1390382051467896,
    "smokeBuoyancy": 0.3681318163871765,
    "limitVelocity": 200,
    "saturation": 1,
    "smokeWeight": 0.05000000074505806,
    "flameVelocity": [
      -1.9073486328125E-6,
      0.2834663391113281,
      0
    ],
    "flameRadius": 10,
    "alpha": 1,
    "temperature": 10,
    "dissipation": 0.9748175144195557,
    "border": 1,
    "flameDensity": 1,
    "density": 1,
    "pressDissipation": 0.8999999761581421,
    "flameTemperature": 10,
    "flameEnable": 1,
    "iterations": 40,
    "rainbow": 1,
    "viscosity": 1.0E8,
    "brightness": 1,
    "gravity": [
      1.779527187347412,
      0.8818907737731934,
      0
    ],
    "tempDissipation": 0.9900000095367432,
    "flamePosition": [
      -1,
      0.9055124521255493,
      0
    ]
  },
  "navier7": {},
  "proj4": {
    "camview": [
      0.11724302172660828,
      0.9929813742637634,
      0.015557657927274704,
      -2.4121644496917725,
      -0.9917162656784058,
      0.1178925633430481,
      -0.050991758704185486,
      0.5187438130378723,
      -0.05246799811720848,
      -0.009450354613363743,
      0.998577892780304,
      2.6826717853546143,
      0,
      0,
      0,
      1
    ],
    "pos": [
      0.9380105137825012,
      2.3594305515289307,
      2.614877223968506
    ],
    "s2w": [
      0.001252055517397821,
      0.004343588370829821,
      0,
      -6.442039966583252,
      0.007764857262372971,
      -5.363739328458905E-4,
      0,
      -4.006869792938232,
      0,
      0,
      1,
      0,
      3.8388254324672744E-5,
      1.2582303315866739E-4,
      0,
      1
    ],
    "w2s": [
      0.936581552028656,
      149.8345489501953,
      0,
      606.4010009765625,
      230.20127868652344,
      -43.58725357055664,
      0,
      1308.3173828125,
      0,
      0,
      0,
      0.5,
      -0.029000578448176384,
      -2.67605617409572E-4,
      0,
      1
    ],
    "projection": [
      0.5062500238418579,
      0,
      0,
      0,
      0,
      -0.8999999761581421,
      1.364464282989502,
      0,
      0,
      0,
      -1.040816307067871,
      -2.040816307067871,
      0,
      0,
      -1,
      0
    ]
  },
  "proj3": {
    "camview": [
      -0.9634891152381897,
      -0.13530923426151276,
      -0.23104150593280792,
      0.07064897567033768,
      0.15411488711833954,
      -0.9858925938606262,
      -0.06530272960662842,
      5.49628210067749,
      -0.21894603967666626,
      -0.09852540493011475,
      0.9707499146461487,
      2.4897713661193848,
      0,
      0,
      0,
      1
    ],
    "pos": [
      -0.23386381566524506,
      5.673608779907227,
      2.0417001247406006
    ],
    "s2w": [
      -0.005174413323402405,
      -8.469757158309221E-4,
      0,
      5.326231956481934,
      -0.0023792278952896595,
      0.003912798594683409,
      0,
      1.5187610387802124,
      0,
      0,
      1,
      0,
      -3.786264860536903E-4,
      1.0701972496462986E-4,
      0,
      1
    ],
    "w2s": [
      -168.46334838867188,
      -63.65169143676758,
      0,
      993.946533203125,
      -81.04475402832031,
      141.8479766845703,
      0,
      216.2299346923828,
      0,
      0,
      0,
      0.5,
      -0.05511130020022392,
      -0.03928074613213539,
      0,
      1
    ],
    "projection": [
      0.5062500238418579,
      0,
      0,
      0,
      0,
      -0.8999999761581421,
      1.364464282989502,
      0,
      0,
      0,
      -1.040816307067871,
      -2.040816307067871,
      0,
      0,
      -1,
      0
    ]
  },
  "proj2": {
    "camview": [
      -0.3044430613517761,
      -0.9522261619567871,
      0.02407737635076046,
      1.3503237962722778,
      0.9513190388679504,
      -0.3026842176914215,
      0.05808940902352333,
      2.718712091445923,
      -0.04802641645073891,
      0.040590181946754456,
      0.9980210065841675,
      1.7245395183563232,
      0,
      0,
      0,
      1
    ],
    "pos": [
      -2.092442512512207,
      2.0387256145477295,
      1.911567211151123
    ],
    "s2w": [
      -0.001076255226507783,
      -0.003470925148576498,
      0,
      3.35500431060791,
      -0.0032980507239699364,
      0.0010221521370112896,
      0,
      3.8529322147369385,
      0,
      0,
      1,
      0,
      4.49127983301878E-5,
      -1.0835657303687185E-4,
      0,
      1
    ],
    "w2s": [
      -114.73648834228516,
      -247.6522979736328,
      0,
      1339.12890625,
      -276.6390686035156,
      97.78435516357422,
      0,
      551.3688354492188,
      0,
      0,
      0,
      0.5,
      -0.024822525680065155,
      0.021718336269259453,
      0,
      1
    ],
    "projection": [
      0.5062500238418579,
      0,
      0,
      0,
      0,
      -0.8999999761581421,
      1.364464282989502,
      0,
      0,
      0,
      -1.040816307067871,
      -2.040816307067871,
      0,
      0,
      -1,
      0
    ]
  },
  "video": {
    "miny": 0.5965909957885742,
    "minx": -2.307692527770996,
    "maxy": 4.943181991577148,
    "maxx": 0.41208744049072266
  },
  "proj1": {
    "camview": [
      0.9995697736740112,
      -0.007265655789524317,
      0.028415994718670845,
      -0.06001947820186615,
      0.010943508706986904,
      0.9912558794021606,
      -0.1314990371465683,
      -0.24720782041549683,
      -0.027212096378207207,
      0.13175344467163086,
      0.9909089207649231,
      1.7498583793640137,
      0,
      0,
      0,
      1
    ],
    "pos": [
      0.11031629145145416,
      0.01406026165932417,
      1.7647523880004883
    ],
    "s2w": [
      0.006070743314921856,
      -1.1016486678272486E-4,
      0,
      -5.631742477416992,
      9.515006240690127E-5,
      -0.005995071493089199,
      0,
      8.039648056030273,
      0,
      0,
      1,
      0,
      9.921657328959554E-5,
      4.591386823449284E-4,
      0,
      1
    ],
    "w2s": [
      266.22607421875,
      68.0404052734375,
      0,
      952.2958374023438,
      -19.3083553314209,
      -182.20907592773438,
      0,
      1356.1571044921875,
      0,
      0,
      0,
      0.5,
      -0.017548827454447746,
      0.07690849900245667,
      0,
      1
    ],
    "projection": [
      0.5062500238418579,
      0,
      0,
      0,
      0,
      -0.8999999761581421,
      1.364464282989502,
      0,
      0,
      0,
      -1.040816307067871,
      -2.040816307067871,
      0,
      0,
      -1,
      0
    ]
  },
  "navier2": {
    "diffusion": 0.10000000149011612,
    "multiColor": 1,
    "velScale": 63.73625946044922,
    "smokeEnable": 0,
    "ambient": 0,
    "velocityDissipation": 0.9900000095367432,
    "legScale": 2.6955766677856445,
    "smokeBuoyancy": 1,
    "limitVelocity": 200,
    "saturation": 1,
    "smokeWeight": 0.05000000074505806,
    "flameVelocity": [
      -0.8503954410552979,
      0.9448838233947754,
      0
    ],
    "flameRadius": 10,
    "alpha": 1,
    "temperature": 10,
    "dissipation": 0.9999989867210388,
    "border": 1,
    "flameDensity": 1,
    "density": 1,
    "pressDissipation": 0.8999999761581421,
    "flameTemperature": 10,
    "flameEnable": 1,
    "iterations": 40,
    "rainbow": 1,
    "viscosity": 0.10000000149011612,
    "brightness": 1,
    "gravity": [
      0,
      -0.9800000190734863,
      0
    ],
    "tempDissipation": 0.9900000095367432,
    "flamePosition": [
      -0.22047287225723267,
      0.17322897911071777,
      0
    ]
  },
  "navier1": {
    "diffusion": 0.10000000149011612,
    "multiColor": 1,
    "velScale": 40.659339904785156,
    "smokeEnable": 0,
    "ambient": 0,
    "velocityDissipation": 0.9890739917755127,
    "legScale": 2.2132692337036133,
    "smokeBuoyancy": 1,