{
  "dateSaved": "Fri Aug 18 00:13:31 PDT 2017",
  "navier6": {},
  "navier5": {},
  "navier4": {},
  "navier3": {
    "diffusion": 0.10000000149011612,
    "multiColor": 1,
    "velScale": 100,
    "smokeEnable": 0,
    "ambient": 37.22527313232422,
    "velocityDissipation": 0.9900000095367432,
    "legScale": 1.1390382051467896,
    "smokeBuoyancy": 0.3681318163871765,
    "limitVelocity": 200,
    "saturation": 1,
    "smokeWeight": 0.05000000074505806,
    "flameVelocity": [
      -1.9073486328125E-6,
      0.2834663391113281,
      0
    ],
    "flameRadius": 10,
    "alpha": 1,
    "temperature": 10,
    "dissipation": 0.9748175144195557,
    "border": 1,
    "flameDensity": 1,
    "density": 1,
    "pressDissipation": 0.8999999761581421,
    "flameTemperature": 10,
    "flameEnable": 1,
    "iterations": 40,
    "rainbow": 1,
    "viscosity": 1.0E8,
    "brightness": 1,
    "gravity": [
      1.779527187347412,
      0.8818907737731934,
      0
    ],
    "tempDissipation": 0.9900000095367432,
    "flamePosition": [
      -1,
      0.9055124521255493,
      0
    ]
  },
  "navier7": {},
  "proj4": {
    "camview": [
      0.10413698852062225,
      0.994123637676239,
      0.029558368027210236,
      -0.13300439715385437,
      -0.9945019483566284,
      0.10375544428825378,
      0.014165258035063744,
      2.9559264183044434,
      0.011015175841748714,
      -0.030870981514453888,
      0.9994626641273499,
      1.7611186504364014,
      0,
      0,
      0,
      1
    ],
    "pos": [
      2.934126377105713,
      -0.12010319530963898,
      1.7981125116348267
    ],
    "s2w": [
      5.597120034508407E-4,
      0.0036700572818517685,
      0,
      -2.2068188190460205,
      0.0037916558794677258,
      -4.12844616221264E-4,
      0,
      -3.3138585090637207,
      0,
      0,
      1,
      0,
      6.216930341906846E-5,
      -2.979341479658615E-5,
      0,
      1
    ],
    "w2s": [
      36.16227722167969,
      254.7814483642578,
      0,
      924.1132202148438,
      282.58782958984375,
      -49.2630729675293,
      0,
      460.3692321777344,
      0,
      0,
      0,
      0.5,
      0.006171072367578745,
      -0.017307300120592117,
      0,
      1
    ],
    "projection": [
      0.5062500238418579,
      0,
      0,
      0,
      0,
      -0.8999999761581421,
      1.364464282989502,
      0,
      0,
      0,
      -1.040816307067871,
      -2.040816307067871,
      0,
      0,
      -1,
      0
    ]
  },
  "proj3": {
    "camview": [
      -0.9986312985420227,
      0.04494011029601097,
      -0.026756174862384796,
      0.20078864693641663,
      -0.04476919397711754,
      -0.9989731311798096,
      -0.006953421048820019,
      3.6114442348480225,
      -0.02704118750989437,
      -0.005746051669120789,
      0.9996178150177002,
      1.8331648111343384,
      0,
      0,
      0,
      1
    ],
    "pos": [
      0.4117662310600281,
      3.609245777130127,
      1.8019800186157227
    ],
    "s2w": [
      -0.0035692898090928793,
      1.0627054143697023E-4,
      0,
      3.597588300704956,
      6.0061611293349415E-6,
      0.0035944534465670586,
      0,
      -1.1438424587249756,
      0,
      0,
      1,
      0,
      -5.3233168728183955E-5,
      1.3834245692123659E-5,
      0,
      1
    ],
    "w2s": [
      -281.38720703125,
      4.403692245483398,
      0,
      1017.3524169921875,
      -4.277707099914551,
      263.2660827636719,
      0,
      316.5243835449219,
      0,
      0,
      0,
      0.5,
      -0.014919953420758247,
      -0.0034076652955263853,
      0,
      1
    ],
    "projection": [
      0.5062500238418579,
      0,
      0,
      0,
      0,
      -0.8999999761581421,
      1.364464282989502,
      0,
      0,
      0,
      -1.040816307067871,
      -2.040816307067871,
      0,
      0,
      -1,
      0
    ]
  },
  "proj2": {
    "camview": [
      -0.011883706785738468,
      -0.9996992349624634,
      0.021451475098729134,
      -0.017735440284013748,
      0.9998888969421387,
      -0.011687438003718853,
      0.009251715615391731,
      3.13586688041687,
      -0.008998219855129719,
      0.021559037268161774,
      0.9997270703315735,
      1.7375255823135376,
      0,
      0,
      0,
      1
    ],
    "pos": [
      -3.1200947761535645,
      -0.01853923127055168,
      1.7656830549240112
    ],
    "s2w": [
      -1.4834644389338791E-4,
      -0.003588434075936675,
      0,
      1.5696086883544922,
      -0.0037693025078624487,
      8.603285095887259E-5,
      0,
      3.560551404953003,
      0,
      0,
      1,
      0,
      4.496346082305536E-5,
      -1.9392091417103074E-5,
      0,
      1
    ],
    "w2s": [
      -11.45456314086914,
      -262.802734375,
      0,
      953.701904296875,
      -290.2353820800781,
      16.170103073120117,
      0,
      397.98150634765625,
      0,
      0,
      0,
      0.5,
      -0.005113234743475914,
      0.012130092829465866,
      0,
      1
    ],
    "projection": [
      0.5062500238418579,
      0,
      0,
      0,
      0,
      -0.8999999761581421,
      1.364464282989502,
      0,
      0,
      0,
      -1.040816307067871,
      -2.040816307067871,
      0,
      0,
      -1,
      0
    ]
  },
  "video": {
    "miny": -1.6477279663085938,
    "minx": -2.307692527770996,
    "maxy": 3.7316200733184814,
    "maxx": 2.142857551574707
  },
  "proj1": {
    "camview": [
      0.9947279691696167,
      -0.09362586587667465,
      -0.04183924198150635,
      0.05525168403983116,
      0.0918102040886879,
      0.9948304295539856,
      -0.04339674860239029,
      2.776776075363159,
      0.045686010271310806,
      0.03932669013738632,
      0.9981814622879028,
      1.8704450130462646,
      0,
      0,
      0,
      1
    ],
    "pos": [
      -0.39534991979599,
      -2.8308067321777344,
      1.7442288398742676
    ],
    "s2w": [
      0.003770179580897093,
      -3.441683657001704E-4,
      0,
      -3.4779531955718994,
      -1.427433599019423E-4,
      -0.003968691918998957,
      0,
      2.3375587463378906,
      0,
      0,
      1,
      0,
      -8.90438532223925E-5,
      9.235861216438934E-5,
      0,
      1
    ],
    "w2s": [
      278.7529296875,
      -1.52875816822052,
      0,
      973.0631713867188,
      4.356695652008057,
      -230.51780700683594,
      0,
      554.0012817382812,
      0,
      0,
      0,
      0.5,
      0.02441885508596897,
      0.02115417830646038,
      0,
      1
    ],
    "projection": [
      0.5062500238418579,
      0,
      0,
      0,
      0,
      -0.8999999761581421,
      1.364464282989502,
      0,
      0,
      0,
      -1.040816307067871,
      -2.040816307067871,
      0,
      0,
      -1,
      0
    ]
  },
  "navier2": {
    "diffusion": 0.10000000149011612,
    "multiColor": 1,
    "velScale": 63.73625946044922,
    "smokeEnable": 0,
    "ambient": 0,
    "velocityDissipation": 0.9900000095367432,
    "legScale": 2.6955766677856445,
    "smokeBuoyancy": 1,
    "limitVelocity": 200,
    "saturation": 1,
    "smokeWeight": 0.05000000074505806,
    "flameVelocity": [
      -0.8503954410552979,
      0.9448838233947754,
      0
    ],
    "flameRadius": 10,
    "alpha": 1,
    "temperature": 10,
    "dissipation": 0.9999989867210388,
    "border": 1,
    "flameDensity": 1,
    "density": 1,
    "pressDissipation": 0.8999999761581421,
    "flameTemperature": 10,
    "flameEnable": 1,
    "iterations": 40,
    "rainbow": 1,
    "viscosity": 0.10000000149011612,
    "brightness": 1,
    "gravity": [
      0,
      -0.9800000190734863,
      0
    ],
    "tempDissipation": 0.9900000095367432,
    "flamePosition": [
      -0.22047287225723267,
      0.17322897911071777,
      0
    ]
  },
  "navier1": {
    "diffusion": 0.10000000149011612,
    "multiColor": 1,
    "velScale": 40.659339904785156,
    "smokeEnable": 0,
    "ambient": 0,
    "velocityDissipation": 0.9890739917755127,
    "legScale": 2.2132692337036133,
    "smokeBuoyancy": 1,