{
  "dateSaved": "Sat Sep 02 11:41:20 PDT 2017",
  "navier6": {},
  "navier5": {},
  "navier4": {},
  "navier3": {
    "diffusion": 0.10000000149011612,
    "multiColor": 1,
    "velScale": 100,
    "smokeEnable": 0,
    "ambient": 37.22527313232422,
    "velocityDissipation": 0.9900000095367432,
    "legScale": 1.1390382051467896,
    "smokeBuoyancy": 0.3681318163871765,
    "limitVelocity": 200,
    "saturation": 1,
    "smokeWeight": 0.05000000074505806,
    "flameVelocity": [
      -1.9073486328125E-6,
      0.2834663391113281,
      0
    ],
    "flameRadius": 10,
    "alpha": 1,
    "temperature": 10,
    "dissipation": 0.9748175144195557,
    "border": 1,
    "flameDensity": 1,
    "density": 1,
    "pressDissipation": 0.8999999761581421,
    "flameTemperature": 10,
    "flameEnable": 1,
    "iterations": 40,
    "rainbow": 1,
    "viscosity": 1.0E8,
    "brightness": 1,
    "gravity": [
      1.779527187347412,
      0.8818907737731934,
      0
    ],
    "tempDissipation": 0.9900000095367432,
    "flamePosition": [
      -1,
      0.9055124521255493,
      0
    ]
  },
  "navier7": {},
  "proj4": {
    "camview": [
      0.009057551622390747,
      -0.9999517202377319,
      -0.0038082546088844538,
      -0.0415266752243042,
      0.9998472332954407,
      0.009113405831158161,
      -0.014914527535438538,
      4.423638343811035,
      0.014948513358831406,
      -0.0036725837271660566,
      0.9998815059661865,
      1.838224172592163,
      0,
      0,
      0,
      1
    ],
    "pos": [
      -4.4500651359558105,
      -0.07508805394172668,
      1.7721879482269287
    ],
    "s2w": [
      8.405914559261873E-5,
      -0.003847020212560892,
      0,
      0.3120177686214447,
      -0.0037938538007438183,
      2.249812678201124E-5,
      0,
      3.577080249786377,
      0,
      0,
      1,
      0,
      -8.09311677585356E-6,
      3.1695504731033E-5,
      0,
      1
    ],
    "w2s": [
      6.227530479431152,
      -264.29608154296875,
      0,
      943.4651489257812,
      -257.9913330078125,
      -5.933221817016602,
      0,
      101.72149658203125,
      0,
      0,
      0,
      0.5,
      0.008227566257119179,
      -0.0019509225385263562,
      0,
      1
    ],
    "projection": [
      0.5062500238418579,
      0,
      0,
      0,
      0,
      -0.8999999761581421,
      1.364464282989502,
      0,
      0,
      0,
      -1.040816307067871,
      -2.040816307067871,
      0,
      0,
      -1,
      0
    ]
  },
  "proj3": {
    "camview": [
      0.9994413256645203,
      0.02965663932263851,
      -0.015411249361932278,
      -0.15701262652873993,
      -0.02960304357111454,
      0.9995549321174622,
      0.003694326849654317,
      4.751424312591553,
      0.015513951890170574,
      -0.003236043034121394,
      0.9998744130134583,
      1.823163390159607,
      0,
      0,
      0,
      1
    ],
    "pos": [
      0.2692970633506775,
      -4.738753318786621,
      1.8429075479507446
    ],
    "s2w": [
      0.0035701978486031294,
      2.551729849074036E-4,
      0,
      -3.3401105403900146,
      2.2253279166761786E-4,
      -0.0035531397443264723,
      0,
      -0.1904887706041336,
      0,
      0,
      1,
      0,
      -3.0490145945805125E-5,
      -7.3089508987322915E-6,
      0,
      1
    ],
    "w2s": [
      278.95758056640625,
      18.10993003845215,
      0,
      935.1988525390625,
      17.00843048095703,
      -272.1946105957031,
      0,
      4.960019588470459,
      0,
      0,
      0,
      0.5,
      0.008629770949482918,
      -0.0014372826553881168,
      0,
      1
    ],
    "projection": [
      0.5062500238418579,
      0,
      0,
      0,
      0,
      -0.8999999761581421,
      1.364464282989502,
      0,
      0,
      0,
      -1.040816307067871,
      -2.040816307067871,
      0,
      0,
      -1,
      0
    ]
  },
  "proj2": {
    "camview": [
      -0.01038642693310976,
      0.9998598694801331,
      -0.013128390535712242,
      -0.0261384267359972,
      -0.9999312162399292,
      -0.010313797742128372,
      0.005587891209870577,
      4.997479438781738,
      0.00545170484110713,
      0.013185525313019753,
      0.9998981952667236,
      1.84546959400177,
      0,
      0,
      0,
      1
    ],
    "pos": [
      4.9868035316467285,
      0.05334427207708359,
      1.8735501766204834
    ],
    "s2w": [
      -1.92192368558608E-4,
      0.0036890755873173475,
      0,
      0.3191816210746765,
      0.0036791495513170958,
      1.424064703314798E-5,
      0,
      -3.484039306640625,
      0,
      0,
      1,
      0,
      -2.5961489882320166E-5,
      -1.1050095963582862E-5,
      0,
      1
    ],
    "w2s": [
      1.7869325876235962,
      272.0069580078125,
      0,
      947.112548828125,
      264.3531188964844,
      13.547001838684082,
      0,
      -37.178367614746094,
      0,
      0,
      0,
      0.5,
      0.0029675187543034554,
      0.007211401127278805,
      0,
      1
    ],
    "projection": [
      0.5062500238418579,
      0,
      0,
      0,
      0,
      -0.8999999761581421,
      1.364464282989502,
      0,
      0,
      0,
      -1.040816307067871,
      -2.040816307067871,
      0,
      0,
      -1,
      0
    ]
  },
  "video": {
    "miny": -3.806818962097168,
    "minx": -3.4065937995910645,
    "maxy": 4.201387405395508,
    "maxx": 4.175824165344238
  },
  "proj1": {
    "camview": [
      -0.9993842244148254,
      -0.03373225778341293,
      -0.00965890847146511,
      0.19319255650043488,
      0.033701661974191666,
      -0.9994264245033264,
      0.0033129153307527304,
      4.81003999710083,
      -0.009765120223164558,
      0.0029853542800992727,
      0.9999478459358215,
      1.8397020101547241,
      0,
      0,
      0,
      1
    ],
    "pos": [
      0.04893217235803604,
      4.808305740356445,
      1.853675365447998
    ],
    "s2w": [
      -0.0036550071090459824,
      -1.0078392369905487E-4,
      0,
      3.7122457027435303,
      -2.418861404294148E-4,
      0.003660779446363449,
      0,
      0.2176501303911209,
      0,
      0,
      1,
      0,
      -1.933815838128794E-5,
      -6.632666554651223E-6,
      0,
      1
    ],
    "w2s": [
      -273.2073974609375,
      -5.681788444519043,
      0,
      1015.4496459960938,
      -17.731077194213867,
      267.3135681152344,
      0,
      7.641283988952637,
      0,
      0,
      0,
      0.5,
      -0.005400931928306818,
      0.0016631265170872211,
      0,
      1
    ],
    "projection": [
      0.5062500238418579,
      0,
      0,
      0,
      0,
      -0.8999999761581421,
      1.364464282989502,
      0,
      0,
      0,
      -1.040816307067871,
      -2.040816307067871,
      0,
      0,
      -1,
      0
    ]
  },
  "navier2": {
    "diffusion": 0.10000000149011612,
    "multiColor": 1,
    "velScale": 63.73625946044922,
    "smokeEnable": 0,
    "ambient": 0,
    "velocityDissipation": 0.9900000095367432,
    "legScale": 2.6955766677856445,
    "smokeBuoyancy": 1,
    "limitVelocity": 200,
    "saturation": 1,
    "smokeWeight": 0.05000000074505806,
    "flameVelocity": [
      -0.8503954410552979,
      0.9448838233947754,
      0
    ],
    "flameRadius": 10,
    "alpha": 1,
    "temperature": 10,
    "dissipation": 0.9999989867210388,
    "border": 1,
    "flameDensity": 1,
    "density": 1,
    "pressDissipation": 0.8999999761581421,
    "flameTemperature": 10,
    "flameEnable": 1,
    "iterations": 40,
    "rainbow": 1,
    "viscosity": 0.10000000149011612,
    "brightness": 1,
    "gravity": [
      0,
      -0.9800000190734863,
      0
    ],
    "tempDissipation": 0.9900000095367432,
    "flamePosition": [
      -0.22047287225723267,
      0.17322897911071777,
      0
    ]
  },
  "navier1": {
    "diffusion": 0.10000000149011612,
    "multiColor": 1,
    "velScale": 40.659339904785156,
    "smokeEnable": 0,
    "ambient": 0,
    "velocityDissipation": 0.9890739917755127,
    "legScale": 2.2132692337036133,